0.0,0.5235987755982989,0.0,0.05235987755982985,0.0,0.19540972333137066
-1.7655004538712289e-16,0.5181009884545166,2.7016000678848896e-16,0.03033610943604597,-6.850049946017281e-17,0.11483051030649344
-1.758150234274723e-16,0.5123991286879452,2.7030631510374913e-16,0.013126396511886157,-1.406998491879371e-16,0.051605695452729056
-1.7505803158662027e-16,0.5064980879546944,2.7044396659567243e-16,-0.0003057565056459407,-4.2280573566626924e-17,0.002193036172557414
-1.742796607260567e-16,0.5004028085847998,2.7057301736454516e-16,-0.0100096786817799,-1.5540629058808777e-16,-0.03361402412204987
-1.734805035310461e-16,0.49411828060431234,2.706935248278798e-16,-0.016491676063721577,-5.1905012184498384e-17,-0.057675908956846045
-1.7266115436343364e-16,0.4876495387633265,2.708055480434811e-16,-0.020467401773518648,-1.2733109645016164e-16,-0.07260535900355558
-1.7182220911329002e-16,0.4810016595713689,2.709091480257494e-16,-0.02264379389085412,-2.304509622349353e-17,-0.08097620263478367
-1.7096426504911657e-16,0.47417975834154685,2.710043880543814e-16,-0.02360393861761123,-2.1415582742527368e-18,-0.08490761920261213
-1.7008792066635697e-16,0.4671889862448499,2.7109133397467177e-16,-0.023780062152749627,-2.970424731538258e-17,-0.08596851808609804
-1.1285579438915733e-16,0.4600345273759987,3.0575577229328885e-17,-0.02347211376664396,-4.0092395735864634e-17,-0.08524674487790261
-1.1284002481488272e-16,0.45272159583214855,3.050895076812437e-17,-0.022879788372794408,6.45383778677073e-17,-0.08346629993660021
-1.128264216694568e-16,0.4452554328058203,3.0433670217522245e-17,-0.022132485037170534,9.668096724894291e-17,-0.08109650896951483
-1.6641054414885806e-16,0.4376413036933522,2.713575992966375e-16,-0.021312432747032116,1.3778751304763966e-16,-0.07843607638017541
-1.1280554057662569e-16,0.4298844952201614,3.0258407064571393e-17,-0.020470992911129648,5.5324243328187253e-17,-0.07567222323476976
-1.1279817033065782e-16,0.4219903125840942,3.015905505248467e-17,-0.019639611857314776,7.661116970307862e-17,-0.07292035172385757
-1.1279278227929708e-16,0.4139640766180947,3.005230981645803e-17,-0.01883698805714256,8.893961657703599e-17,-0.07024996108198876
-1.1278932582605452e-16,0.4058111209734465,2.993848643209594e-17,-0.01807369680675914,1.0102322046683955e-16,-0.06770134404187213
-1.6147196456199993e-16,0.39753678932475695,2.7151310349331495e-16,-0.017355153859569067,1.3622470801965651e-16,-0.0652962685429364
-1.604446914406958e-16,0.38914643259789305,2.715214886381668e-16,-0.016683509723993246,4.2707209500344715e-17,-0.06304479201463481
-1.5940563681753935e-16,0.38064540622199816,2.7152254872117153e-16,-0.01605886047082689,2.540809412218974e-17,-0.060949606454364286
-1.1279375592015851e-16,0.372039067406752,2.941869745292872e-17,-0.015480022837176144,-1.1065160544853084e-17,-0.05900881117758254
-1.127991525459631e-16,0.3633327724459534,2.927419203883345e-17,-0.014945031564896053,1.3289351273852768e-16,-0.05721768435298352
-1.1280615174048e-16,0.3545318740485415,2.912448655646331e-17,-0.014451459351342642,7.934692301590578e-17,-0.055569816006123075
-1.1281469578970345e-16,0.3456417186980782,2.896989070744733e-17,-0.013996623201811888,1.8552622644885874e-16,-0.05405783282206327
-1.5405462177525008e-16,0.3366676440417714,2.7142222863645267e-16,-0.013577717787300015,1.4702845043942316e-16,-0.0526738612764872
-1.5295744857467028e-16,0.3276149763100065,2.7138196996764553e-16,-0.013191901722260875,-9.653531101363981e-17,-0.051409822567790996
-1.1284901357904554e-16,0.31848902776740384,2.847983804155875e-17,-0.012836353356989159,-7.834412536011757e-17,-0.05025761917467342
-1.5074087694564572e-16,0.3092950941963438,2.712824241775851e-16,-0.012508306750392629,8.802402904064281e-17,-0.049209251465756304
-1.4962265541804086e-16,0.3000384524138965,2.712234551494421e-16,-0.012205074704909238,-6.798948211646498e-17,-0.04825688913388286
-1.484985905361226e-16,0.29072435782306555,2.7115857736772525e-16,-0.011924063321465648,-2.6240561638552126e-17,-0.0473929134826675
-1.129128416606912e-16,0.28135804199923314,2.777650605196219e-17,-0.011662780973562305,-6.741425591022017e-17,-0.04660994096927222
-1.1293163347363226e-16,0.27194471031263845,2.7593758606648575e-17,-0.0114188435931904,7.704845370617742e-17,-0.04590083477702268
-1.1295144228231936e-16,0.2624895395877537,2.740883684644295e-17,-0.01118997750879452,1.0995116894702068e-16,-0.04525870883807822
-1.129722101690678e-16,0.2529976758003244,2.722203267811272e-17,-0.010974020650810594,1.265741350231537e-16,-0.0446769271950952
-1.1299387962605442e-16,0.24347423181286793,2.70336356698853e-17,-0.010768922662788217,8.862538624751391e-17,-0.044149100590685886
-1.1301639360836453e-16,0.23392428514938,2.6843932959378033e-17,-0.010572744274009699,5.763880836644363e-17,-0.04366908151791884
-1.130396955810691e-16,0.22435287580995236,2.6653209163601114e-17,-0.010383656169686641,1.0480626216949798e-16,-0.04323095853421267
-1.1306372956046551e-16,0.21476500412601374,2.6461746290944084e-17,-0.010199937515591534,1.2931580262564446e-16,-0.04282905035679366
-1.1308844014962336e-16,0.20516562865685276,2.6269823655058246e-17,-0.010019974241540837,1.9036303407236892e-16,-0.04245790007026162
-1.1311377256838725e-16,0.19555966412805345,2.607771779055117e-17,-0.009842257153324954,1.2195912119675386e-16,-0.042112269652693254
-1.1313967267799794e-16,0.1859519794124787,2.5885702370414997e-17,-0.009665379919488026,3.546737039380873e-17,-0.0417871349445288
-1.1316608700049943e-16,0.17634739555435378,2.5694048125110813e-17,-0.00948803696400937,1.20125208604824e-17,-0.041477681130265086
-1.1319296273310789e-16,0.16675068383703304,2.55030227632391e-17,-0.00930902128569807,1.195834182388248e-16,-0.04117929876722502
-1.1322024775772606e-16,0.15716656389496705,2.531289089372789e-17,-0.009127222218389866,1.5595694351779833e-16,-0.04088758037224656
-1.1324789064579092e-16,0.14759970187037358,2.5123913949475747e-17,-0.008941623141617706,9.68885144750359e-17,-0.04059831756185012
-1.1327584065865e-16,0.13805470861509067,2.4936350112390676e-17,-0.008751299148622136,1.0353754453001649e-16,-0.040307498731779946
-1.1330404774366575e-16,0.12853613793805302,2.4750454239770582e-17,-0.008555414676759682,8.554277470678568e-17,-0.04001130725549545
-1.1333246252625165e-16,0.11904848489881699,2.4566477791975387e-17,-0.008353221104351029,1.5872577003406988e-16,-0.03970612017748145
-1.133610362980496e-16,0.10959618414752467,2.4384668761345785e-17,-0.008144054317401409,8.019667886261853e-17,-0.03938850737478026
-1.1338972100145863e-16,0.1001836083116708,2.4205271602327502e-17,-0.007927332249412963,9.544011735590034e-17,-0.03905523115892195
-1.134184692107306e-16,0.09081506643001964,2.402852716276579e-17,-0.007702552397416215,1.1413570627695092e-16,-0.038703246289341416
-1.1344723410984983e-16,0.08149480243397009,2.3854672616337874e-17,-0.007469289317498781,3.853670081490394e-17,-0.038329700368962834
-1.1347596946741538e-16,0.07222699367666408,2.368394139609713e-17,-0.007227192103224804,9.005254942817789e-17,-0.03793193459191335
-1.135046296087471e-16,0.06301574951009316,2.3516563129106847e-17,-0.006975981850604348,8.807459020492303e-17,-0.03750748481283452
-1.13533169385437e-16,0.05386510991043212,2.3352763572145825e-17,-0.006715449113482253,8.52998139398449e-17,-0.03705408290644379
-1.1356154414256764e-16,0.04477904415181319,2.3192764548473276e-17,-0.006445451353456727,1.0464789524051692e-16,-0.03656965838505923
-1.135897096838212e-16,0.035761449528704074,2.3036783885643906e-17,-0.006165910388659207,7.25209855982966e-17,-0.03605234024049355
-1.136176222347004e-16,0.026816150127061386,2.2885035354370245e-17,-0.005876809845925129,1.0954413718816481e-17,-0.03550045897535625
-1.136452384040829e-16,0.01794689564437134,2.2737728608431767e-17,-0.005578192621026754,5.756942836630118e-17,-0.034912548786817196
-1.1367251514433078e-16,0.009157360258687764,2.2595069125636393e-17,-0.005270158351796878,4.127049199259977e-17,-0.03428734986402114
-1.1369940971017254e-16,0.0004511415467312925,2.2457258149842567e-17,-0.004952860909007338,8.469916286024314e-17,-0.03362381075776763
-1.137258796165759e-16,-0.00816824054888048,2.2324492634056375e-17,-0.004626505909922539,9.429144190254362e-17,-0.032921090778587105
-1.1375188259582558e-16,-0.016697344703260283,2.2196965184620332e-17,-0.0042913482594185825,9.360410624246906e-17,-0.032178562376482346
-1.1377737655401898e-16,-0.025132809143745976,2.2074864006514406e-17,-0.003947689723470366,8.173471353622886e-17,-0.03139581345247662
-1.1380231952718837e-16,-0.033471352535254247,2.195837284979633e-17,-0.0035958765396816132,8.183342650294817e-17,-0.03057264954905843
-1.138266696372562e-16,-0.04170977481657938,2.1847670957207878e-17,-0.0032362970693316628,6.654369720980225e-17,-0.029709095863228296
-1.138503850480249e-16,-0.04984495798768383,2.174293301298095e-17,-0.002869379495145619,5.00147731491606e-17,-0.028805399022661014
-1.138734239214007e-16,-0.05787386684808292,2.164432909287902e-17,-0.0024955895686733214,7.970828002724996e-17,-0.027862028562206282
-1.1389574437404364e-16,-0.0657935496864532,2.155202461551234e-17,-0.0021154284107737275,8.525146485251079e-17,-0.026879678034913312
-1.1391730443463448e-16,-0.07360113892159803,2.1466180294969786e-17,-0.0017294303682340892,4.46779964346337e-17,-0.02585926568892249
-1.139380620019419e-16,-0.08129385169492975,2.1386952094812798e-17,-0.0013381609290100721,6.197326815315942e-17,-0.02480193463897445
-1.139579748038686e-16,-0.0888689904146806,2.131449118347791e-17,-0.0009422146980224376,8.392364095834203e-17,-0.02370905245941971
-1.139770003576504e-16,-0.09632394325202671,2.1248943891139902e-17,-0.0005422134347243112,1.4836581700711056e-16,-0.02258221012389584
-1.1399509593137516e-16,-0.1036561845893733,2.119045166808765e-17,-0.0001388041529666482,7.435426727122601e-17,-0.021423220216187394
-1.1401221850698235e-16,-0.11086327542105197,2.1139151044667677e-17,0.00026734271709684485,8.191897884337423e-17,-0.020234114336731494
-1.1402832474489883e-16,-0.1179428637067035,2.109517359285283e-17,0.0006755351061883959,2.708072497315695e-17,-0.01901713963012545
-1.1404337095045882e-16,-0.12489268467764525,2.1058645889494595e-17,0.0010850610241487188,4.340622686106563e-17,-0.017774754360945614
-1.140573130422482e-16,-0.1317105610965374,2.102968948131959e-17,0.0014951902221533506,6.698735967417549e-17,-0.0165096224683568
-1.140701065225088e-16,-0.1383944034706944,2.1008420851731504e-17,0.0019051758027620513,5.985856026941142e-17,-0.015224607034254033
-1.140817064497274e-16,-0.14494221021937337,2.0994951389482684e-17,0.002314255782615124,6.035839016723621e-17,-0.013922762605444483
-1.1409206741353034e-16,-0.15135206779545468,2.0989387359277007e-17,0.0027216546135225726,7.269169366387466e-17,-0.012607326317473695
-1.1410114351199392e-16,-0.1576221507618802,2.0991829874369914e-17,0.003126584668639818,4.7134741180179707e-17,-0.011281707776267767
-1.1410888833147362e-16,-0.16375072182325864,2.1002374871230996e-17,0.0035282477012844185,5.875822830386412e-17,-0.009949477663883976
-1.1411525492904868e-16,-0.16973613181311142,2.1021113086331524e-17,0.003925836284755021,4.2866162616453836e-17,-0.00861435504614442
-1.141201958176675e-16,-0.17557681963715988,2.1048130035124854e-17,0.004318535242224478,4.952488960004587e-17,-0.007280193373166481
-1.1412366295407398e-16,-0.1812713121731492,2.1083505993282856e-17,0.0047055230763792645,6.21275724306434e-17,-0.005950965178026634
-1.1412560772958317e-16,-0.18681822412769214,2.11273159802523e-17,0.005085973408884863,5.043283413419881e-17,-0.004630745494817886
-1.141259809637696e-16,-0.1922162578506266,2.1179629745195523e-17,0.0054590564400495865,3.915922957042219e-17,-0.003323694034134037
-1.1412473290111995e-16,-0.19746420310740534,2.1240511755377174e-17,0.005823940439072033,4.5847039520674535e-17,-0.0020340361721649697
-1.141218132106944e-16,-0.20256093681006146,2.1310021187057914e-17,0.006179793275092173,5.407064036900777e-17,-0.0007660428282581068
-1.1411717098883274e-16,-0.2075054227072871,2.1388211918955375e-17,0.006525783998807012,5.519592564834765e-17,0.0004759906747841241
-1.1411075476493146e-16,-0.21229671103418754,2.1475132528330258e-17,0.006861084483692597,4.6535819729429856e-17,0.0016877666538375432
-1.1410251251030912e-16,-0.21693393812230202,2.1570826289752917e-17,0.007184871134808484,4.7784146202236e-17,0.002865007878487651
-1.140923916501708e-16,-0.22141632597047312,2.1675331176604993e-17,0.007496326671863308,5.89036698582589e-17,0.004003481001459339
-1.140803390786706e-16,-0.2257431817771777,2.1788679865367e-17,0.007794641991518594,5.715433617359793e-17,0.005099020435382269
-1.1406630117706475e-16,-0.22991389743492718,2.1910899742741578e-17,0.008079018111949466,6.962020192551982e-17,0.006147552487673708
-1.140502238349382e-16,-0.23392794898738006,2.204201291565768e-17,0.00834866820040629,5.536530029982473e-17,0.007145119549764459
-1.140320524744808e-16,-0.23778489604981673,2.21820362241988e-17,0.008602819681956331,6.485826472566683e-17,0.008087904123260126
-1.1401173207777732e-16,-0.24148438119360335,2.233098125749629e-17,0.008840716424809837,6.250238253697882e-17,0.008972252454518197
-1.1398920721707223e-16,-0.2450261292953551,2.2488854372622585e-17,0.009061620994617103,5.846202002397404e-17,0.009794697540854137
-1.139644220879576e-16,-0.2484099468514415,2.265565671651861e-17,0.009264816967023864,5.969761333701183e-17,0.010551981266560616
-1.1393732054542775e-16,-0.25163572125854156,2.2831384250984274e-17,0.009449611284564702,6.158484530355463e-17,0.011241075425550768
-1.1390784614273491e-16,-0.25470342006094226,2.301602778075729e-17,0.009615336640811276,6.542792574889131e-17,0.011859201389908331
-1.1387594217297367e-16,-0.2576130901652867,2.3209572984702178e-17,0.009761353871602313,6.143180478679148e-17,0.012403848190260896
-1.1384155171331446e-16,-0.2603648570235055,2.3412000450125664e-17,0.009887054330359375,6.001871931589389e-17,0.012872788785003485
-1.1380461767179902e-16,-0.26295892378463076,2.362328571023319e-17,0.00999186222190151,6.915734969731739e-17,0.013264094310645904
-1.1376508283660482e-16,-0.2653955704162532,2.3843399284733522e-17,0.010075236867069886,6.584889053489065e-17,0.01357614612550668
-1.1372288992767883e-16,-0.26767515279634924,2.4072306723596743e-17,0.010136674868845692,6.452611851960295e-17,0.013807645483023346
-1.136779816506346e-16,-0.26979810177624847,2.4309968653963904e-17,0.010175712149621992,6.380843083129241e-17,0.013957620698964451
-1.1363030075280082e-16,-0.27176492221546,2.455634083020562e-17,0.01019192582904503,5.923693768347722e-17,0.01402543170875327
-1.1357979008130526e-16,-0.2735761919891701,2.481137418711709e-17,0.010184935912232851,6.047446518704228e-17,0.014010771945902344
-1.1352639264307097e-16,-0.27523256096914983,2.5075014896236814e-17,0.010154406759536803,5.313436332316988e-17,0.013913667510121727
-1.1347005166659837e-16,-0.2767347499788463,2.5347204425269957e-17,0.010100048311085229,6.487482957613663e-17,0.013734473632878082
-1.1341071066540205e-16,-0.27808354972345317,2.5627879600591468e-17,0.010021617042342593,5.833641963829396e-17,0.013473868488502764
-1.13348313502967e-16,-0.27927981969575494,2.591697267279957e-17,0.009918916630651118,5.1710874071913794e-17,0.013132844439207909
-1.1328280445908488e-16,-0.2803244870584849,2.621441138528891e-17,0.00979179831728084,6.680796677030436e-17,0.012712696841917802
-1.1321412829742884e-16,-0.28121854550405845,2.6520119045801162e-17,0.00964016095453267,7.474575317542193e-17,0.012215010582099242
-1.1314223033422118e-16,-0.281963054092425,2.6834014600912813e-17,0.009463950733223423,-7.864844208649667e-17,0.011641644534783613
-1.1306705650784667e-16,-0.28255913606786015,2.7156012713411407e-17,0.009263160591710036,5.105842555991682e-17,0.010994714183387305
-1.129885534492619e-16,-0.28300797765550717,2.748602384250731e-17,0.00903782931388231,5.42515869112969e-17,0.01027657265340852
-1.1290666855304877e-16,-0.2833108268384519,2.7823954326824934e-17,0.008788040329587769,8.319756805083229e-17,0.009489790438498623
-1.1282135004895965e-16,-0.2834689921161467,2.8169706470111896e-17,0.008513920236922237,7.464653976165534e-17,0.008637134111349786
-1.1273254707380147e-16,-0.28348384124500664,2.8523178629598964e-17,0.008215637071234148,6.405759967491952e-17,0.007721544319932995
-1.1264020974350264e-16,-0.283356799961955,2.8884265306942675e-17,0.00789339835058989,7.581959993331712e-17,0.0067461133713439415
-1.1254428922521047e-16,-0.28308935069175295,2.925285724167461e-17,0.007547448931520883,7.301965929694724e-17,0.005714062700650444
-1.1244473780926382e-16,-0.2826830312389065,2.962884150708028e-17,0.007178068712051369,6.563577002093446e-17,0.004628720510800982
-1.123415089808878e-16,-0.28213943346497017,3.0012101608424373e-17,0.006785570221110985,7.557847377396519e-17,0.003493499852410128
-1.1223455749145826e-16,-0.28146020195204063,3.0402517583437425e-17,0.006370296134562305,9.386877198457506e-17,0.0023118773899598825
-1.1212383942918465e-16,-0.28064703265326396,3.079996610497338e-17,0.005932616757970449,2.6745686437523698e-17,0.00108737307393317
-1.120093122890622e-16,-0.2797016715311488,3.120432058574566e-17,0.005472927515165613,7.050361541160177e-17,-0.0001764690919028348
-1.1189093504194512e-16,-0.2786259131844884,3.16154512850455e-17,0.004991646479506222,8.864136514429784e-17,-0.001476099031667226
-1.1176866820259732e-16,-0.27742159946470335,3.203322541734262e-17,0.00448921198174824,9.067861091489223e-17,-0.0028079772047506623
-1.1164247389657654e-16,-0.27609061808238355,3.2457507262666944e-17,0.003966080324602297,5.707722913999246e-17,-0.004168589751826208
-1.115123159258142e-16,-0.2746349012048451,3.2888158278665545e-17,0.003422723629756826,7.411900501179466e-17,-0.005554462125414107
-1.1137815983275395e-16,-0.27305642404547975,3.332503721422757e-17,0.002859627838285869,6.81066306878154e-17,-0.006962171183303373
-1.1123997296291676e-16,-0.2713572034456867,3.3768000224567814e-17,0.0022772908804524787,8.055863265824509e-17,-0.00838835575250657
-1.1109772452576408e-16,-0.26953929645016744,3.421690098765674e-17,0.0016762210257686384,1.0562518281560987e-16,-0.009829725698241658
-1.1095138565373492e-16,-0.2676047988763788,3.46715908218825e-17,0.0010569354193916284,5.4658604829282114e-17,-0.011283069555020949
-1.1080092945933607e-16,-0.26555584387888953,3.5131918804830945e-17,0.00041995880623473675,3.893550989494953e-17,-0.012745260796214224
-1.1064633109017066e-16,-0.2633946005094358,3.559773189306514e-17,-0.0002341775599373349,6.687413446623028e-17,-0.014213262833133816
-1.1048756778179402e-16,-0.26112327227342186,3.606887504278715e-17,-0.0009049368288817773,9.126617579811821e-17,-0.015684132845785806
-1.1032461890829126e-16,-0.2587440956836314,3.6545191331262263e-17,-0.0015917772972086485,9.533172685962268e-17,-0.017155024554420036
-1.1015746603047613e-16,-0.2562593388118966,3.7026522078885765e-17,-0.0022941529946169936,1.0718463233403347e-16,-0.018623190044455232
-1.0998609294161582e-16,-0.2536712998394739,3.7512706971771396e-17,-0.0030115141268096312,5.755273844975196e-17,-0.02008598075779609
-1.0981048571059204e-16,-0.25098230560685547,3.8003584184740336e-17,-0.003743307390058656,6.873175346935774e-17,-0.021540847761063294
-1.0963063272241436e-16,-0.24819471016375944,3.8498990504589424e-17,-0.004488976173024564,1.1765397587153444e-16,-0.022985341396640605
-1.0944652471600758e-16,-0.24531089332001307,3.8998761453516845e-17,-0.005247960661579422,6.006360466276267e-17,-0.024417110416095508
-1.0925815481920006e-16,-0.2423332591980437,3.9502731412584925e-17,-0.006019697862073079,7.481241595874712e-17,-0.025833900687877023
-1.0906551858084719e-16,-0.2392642347876956,4.001073374509826e-17,-0.0068036215577981,8.851680105100835e-17,-0.027233553562659725
-1.0886861400002844e-16,-0.23610626850405667,4.052260091977804e-17,-0.007599162212501891,6.56264233672432e-17,-0.028614003970917137
-1.086674415522642e-16,-0.23286182874900133,4.1038164633612524e-17,-0.008405746833637632,6.949648310605654e-17,-0.029973278318307924
-1.0846200421270338e-16,-0.22953340247712306,4.1557255934265724e-17,-0.00922279880678667,6.219104882979152e-17,-0.03130949223567342
-1.0825230747623894e-16,-0.22612349376672497,4.2079705341927305e-17,-0.010049737711374135,6.200066869377108e-17,-0.0326208482322079
-1.0803835937451602e-16,-0.22263462239654724,4.260534297048776e-17,-0.010885979126464083,6.351304335336992e-17,-0.033905633292516
-1.0782017048980114e-16,-0.21906932242887342,4.31339986479245e-17,-0.011730934434121022,6.8566472980168e-17,-0.03516221645124697
-1.0759775396568897e-16,-0.21543014079966105,4.366550203578739e-17,-0.012584010626633148,6.242293833835791e-17,-0.03638904637272733
-1.073711255146282e-16,-0.21171963591634194,4.419968274767161e-17,-0.013444610122778505,4.019974293033104e-17,-0.03758464895742832
-1.0714030342225413e-16,-0.2079403762638975,4.4736370466571395e-17,-0.014312130597235717,9.959218437914847e-17,-0.03874762499219793
-1.0690530854852175e-16,-0.2040949390198455,4.527539506100632e-17,-0.015185964826493627,9.953252414620638e-17,-0.039876647857354716
-1.066661643256389e-16,-0.2001859086787244,4.5816586699817976e-17,-0.01606550055362888,8.609303521249473e-17,-0.04097046129984843
-1.0642289675280439e-16,-0.19621587568667398,4.63597759655348e-17,-0.016950120373915505,1.0592248142474308e-16,-0.042027877279402756
-1.0617553438776261e-16,-0.19218743508670189,4.690479396620592e-17,-0.017839201642451896,6.11528622049098e-17,-0.0430477738916746
-1.059241083351903e-16,-0.18810318517518557,4.74514724456097e-17,-0.01873211640466949,9.733579700806809e-17,-0.04402909337095073
-1.0566865223193816e-16,-0.18396572617019724,4.799964389174159e-17,-0.019628231350186993,1.0912284146270183e-16,-0.04497084017324295
-1.0540920222915407e-16,-0.17977765889217354,4.854914164349323e-17,-0.020526907790157825,5.117505386332589e-17,-0.045872079139507256
-1.0514579697132047e-16,-0.1755415834574838,4.909979999543463e-17,-0.02142750165808109,1.012274326446776e-16,-0.0467319337378629
-1.0487847757224371e-16,-0.17126009798541245,4.965145430061597e-17,-0.022329363533780754,1.7002318897928442e-17,-0.047549584382848724
-1.0460728758803718e-16,-0.16693579731906993,5.0203941071308744e-17,-0.023231838690263476,1.3935923175254278e-16,-0.04832426682952634
-1.0433227298714571e-16,-0.16257127176073033,5.075709807760885e-17,-0.02413426716292284,4.983810712457606e-17,-0.04905527063959042
-1.0405348211746326e-16,-0.15816910582209404,5.131076444382794e-17,-0.025035983840626407,1.1669614233226099e-17,-0.04974193771664605
-1.0377096567059924e-16,-0.15373187698993185,5.186478074260325e-17,-0.025936318578061182,9.20056749110428e-17,-0.05038366090748711
-1.0348477664335501e-16,-0.14926215450759814,5.241898908665875e-17,-0.02683459632882087,6.720404760108118e-17,-0.05097988266630876
-1.0319497029647369e-16,-0.1447624981728325,5.297323321815577e-17,-0.027730137298590744,8.362884439757799e-17,-0.05153009377861177
-1.0290160411073321e-16,-0.14023545715232902,5.35273585955722e-17,-0.028622257117818396,1.2930018800543212e-16,-0.05203383214154991
-1.0260473774045324e-16,-0.13568356881345425,5.4081212478056656e-17,-0.02951026703340035,1.59937741420446e-16,-0.05249068159785859
-1.0230443296449248e-16,-0.13110935757356137,5.4634644007204365e-17,-0.03039347411869304,1.2358516887486809e-16,-0.05290027082004166
-1.0200075363481539e-16,-0.12651533376728025,5.5187504286207655e-17,-0.03127118150140941,2.474580621247132e-17,-0.053262272242074485
-1.0169376562270949e-16,-0.12190399253217883,5.57396464563364e-17,-0.03214268860885376,6.343649724907582e-18,-0.053576401035711325
-1.0138353676273952e-16,-0.11727781271316232,5.629092577070886e-17,-0.03300729143003135,1.043318685816401e-16,-0.05384241412868947
-1.010701367945252e-16,-0.11263925578597897,5.684119966531513e-17,-0.0338642827941863,9.895828988220273e-17,-0.05406010926224294
-1.0075363730243353e-16,-0.10799076480017501,5.739032782726183e-17,-0.03471295266540088,1.0401528410614409e-16,-0.054229324085516714
-1.0043411165327836e-16,-0.10333476334182856,5.793817226020842e-17,-0.03555258845278856,1.1770817503004052e-16,-0.05434993528438454
-1.0011163493212146e-16,-0.09867365451639494,5.848459734696996e-17,-0.03638247533609403,1.1738203044733144e-16,-0.0544218577426973
-9.978628387627277e-17,-0.09400981995195858,5.902946990926578e-17,-0.03720189660627912,1.1135709301570259e-16,-0.054445043733682495
-9.945813680758764e-17,-0.08934561882318855,5.957265926459589e-17,-0.03801013402093365,6.902406642959226e-17,-0.054419482139695906
-9.912727356316194e-17,-0.08468338689629579,6.011403728023102e-17,-0.038806468174262504,9.328063712043323e-17,-0.05434519769843866
-9.879377542452574e-17,-0.08002543559522386,6.065347842430751e-17,-0.03959017888145669,3.5205505571475466e-17,-0.05422225027391927
-9.845772504543898e-17,-0.07537405108936493,6.119085981401912e-17,-0.040360545577413386,1.3484374802917605e-17,-0.05405073415074308
-9.81192063783926e-17,-0.07073149340301911,6.172606126090377e-17,-0.04111684772961506,-4.5246659393594406e-17,-0.053830777350097926
-9.777830459991916e-17,-0.06609999554683565,6.225896531322557e-17,-0.04185836526523014,1.6792417561628448e-16,-0.05356254096628876
-9.7435106034819e-17,-0.06148176267144047,6.278945729545667e-17,-0.04258437901235969,3.759698850134096e-17,-0.05324621852246669
-9.708969807940644e-17,-0.05687897124346398,6.331742534486596e-17,-0.04329417115555648,1.0113064347914916e-17,-0.05288203534457743
-9.674216912388251e-17,-0.05229376824414658,6.384276044522635e-17,-0.043987025705688826,1.8353341682131224e-16,-0.052470247952495115
-9.639260847393979e-17,-0.047728270390698824,6.43653564576545e-17,-0.04466222898429684,6.417058742377926e-17,-0.05201114346747359
-9.604110627170518e-17,-0.043184563380589576,6.488511014860013e-17,-0.045319070122650226,-3.319751189626518e-17,-0.05150503903513415
-9.568775341612589e-17,-0.038664701158892846,6.540192121500629e-17,-0.04595684157577236,-1.0805162507338442e-17,-0.05095228126337016
-9.533264148290379e-17,-0.03417070520883176,6.591569230666464e-17,-0.046574839651695114,8.070735486481353e-17,-0.05035324567453952
-9.497586264408279e-17,-0.029704563865668682,6.642632904579021e-17,-0.04717236505635925,8.010727648657203e-17,-0.049708336171537935
-9.461750958739228e-17,-0.025268231654003662,6.693374004384864e-17,-0.0477487234544754,3.24234359479145e-17,-0.04901798451728915
-9.425767543544999e-17,-0.020863628648627848,6.743783691566503e-17,-0.04830322604688856,-4.9922552645802593e-17,-0.048282649827430975
-9.389645366492557e-17,-0.016492639858982073,6.793853429085142e-17,-0.04883519016494116,1.3750620964549223e-16,-0.04750281807601059
-9.353393802576537e-17,-0.012157114637302648,6.843574982259006e-17,-0.049343939882285665,5.879059043004206e-17,-0.0466790016138909
-9.317022246057759e-17,-0.007858866110522169,6.892940419381214e-17,-0.049828806644964294,5.626590065445493e-17,-0.04581173870010442
-9.280540102427532e-17,-0.0035996706359545574,6.941942112081554e-17,-0.050289129920226626,-3.5863895057208267e-17,-0.044901593045918446
-9.243956780407335e-17,0.000618732719186559,6.990572735436541e-17,-0.05072425786486066,1.825785981792712e-16,-0.04394915337178951
-9.207281683993345e-17,0.004794642674416411,7.038825267832482e-17,-0.051133548013876574,8.225056725207295e-17,-0.04295503297747124
-9.170524204554948e-17,0.008926396208756503,7.086692990586549e-17,-0.05151636799025326,1.6381459153513375e-17,-0.04191986932536595
-9.133693712996365e-17,0.013012369009648368,7.134169487330834e-17,-0.05187209623659972,3.476917858995798e-17,-0.040844323637392745
-9.096799551990182e-17,0.01705097589802769,7.181248643164772e-17,-0.05220012276970301,9.543107246749036e-17,-0.03972908050580464
-9.059851028291384e-17,0.021040671229573253,7.227924643581318e-17,-0.05249984995882361,2.3796111153177764e-17,-0.038574847518229025
-9.022857405140249e-17,0.02497994927218825,7.274191973172596e-17,-0.052770693328683636,5.1818326189998034e-17,-0.037382354897333256
-8.985827894762297e-17,0.0288673445597419,7.320045414120716e-17,-0.053012082388236174,7.287488176630834e-17,-0.03615235515566536
-8.948771650973151e-17,0.03270143222213995,7.3654800444797e-17,-0.05322346148603521,1.0429350959546155e-16,-0.03488562276590724
-8.911697761895902e-17,0.036480828291803075,7.410491236254592e-17,-0.05340429069341476,1.2501586793417727e-16,-0.03358295384726128
-8.874615242798422e-17,0.04020418998662331,7.455074653283842e-17,-0.05355404671643632,3.694562611242454e-17,-0.032245165868360036
-8.837533029057673e-17,0.04387021596950225,7.499226248931314e-17,-0.05367222383741241,1.7110647794944704e-16,-0.03087309736695455
-8.800459969257839e-17,0.04747764658456736,7.542942263594185e-17,-0.05375833488739214,1.2894534260910889e-16,-0.029467607687308345
-8.763404818428837e-17,0.05102526407018979,7.586219222033253e-17,-0.05381191225014571,8.373875457903886e-17,-0.028029576735246694
-8.726376231431438e-17,0.05451189274892124,7.629053930532083e-17,-0.05383250889884816,1.2084528266731764e-16,-0.026559904751606127
-8.68938275649496e-17,0.05793639919448975,7.671443473891624e-17,-0.05381969946617262,7.858372360236293e-17,-0.025059512104285576
-8.652432828913181e-17,0.06129769237600596,7.713385212266891e-17,-0.05377308134854352,1.4993258138846972e-16,-0.02352933909918694
-8.615534764903869e-17,0.0645947237795189,7.754876777852301e-17,-0.053692275845296435,1.1794504568636488e-16,-0.02197034581035196
-8.578696755636925e-17,0.06782648750710649,7.795916071422455e-17,-0.05357692933321121,4.389158592605801e-17,-0.020383511929359194
-8.54192686143592e-17,0.0709920203536655,7.836501258734945e-17,-0.053426714476762345,1.3831956515222287e-16,-0.01876983663394262
-8.505233006157485e-17,0.0740904018615815,7.876630766801904e-17,-0.05324133147441989,1.7485801822150718e-16,-0.017130338475867375
-8.468622971752622e-17,0.0771207543534878,7.916303280037066e-17,-0.05302050934091457,3.722702643923878e-17,-0.015466055287710492
-8.432104393013838e-17,0.08008224294329906,7.955517736284891e-17,-0.0527640072252278,1.2628037447735375e-16,-0.01377804410811601
-8.395684752511538e-17,0.08297407552573956,7.994273322738438e-17,-0.05247161576395374,9.695814604759342e-17,-0.012067381125083494
-8.359371375722907e-17,0.0857955027445931,8.032569471752667e-17,-0.05214315846905543,1.0979053116572703e-16,-0.010335161636297004
-8.323171426356187e-17,0.08854581793988624,8.070405856559594e-17,-0.05177849314905545,1.7816727943168088e-16,-0.00858250002564858
-8.287091901872909e-17,0.0912243570742558,8.107782386891907e-17,-0.05137751336211424,1.0657634697728832e-16,-0.006810529754655488
-8.251139629210362e-17,0.09383049863874572,8.144699204521481e-17,-0.050940149899027704,6.907115869747061e-17,-0.005020403367181469
-8.215321260706284e-17,0.09636366353827018,8.181156678719079e-17,-0.05046637229401135,7.672180368228334e-17,-0.0032132925058863514
-8.17964327022741e-17,0.09882331495703102,8.217155401641659e-17,-0.0499561903600699,3.68830881135188e-17,-0.001390387937962998
-8.144111949503313e-17,0.10120895820412536,8.252696183653335e-17,-0.04940965574600479,1.1526879796449244e-16,0.00044710041186379543
-8.108733404666576e-17,0.10352014053964605,8.28778004858625e-17,-0.04882686351072622,1.2419675293760283e-16,0.0022979434241926326
-8.073513553000067e-17,0.10575645098154221,8.322408228947252e-17,-0.04820795371056896,2.3044132060914844e-16,0.0041608927465364804
-8.03845811989191e-17,0.10791752009352844,8.356582161076307e-17,-0.04755311299434044,1.9974186552446954e-16,0.006034680757193511
-8.003572635998259e-17,0.1100030197543487,8.390303480262452e-17,-0.04686257619999281,9.516571813625144e-17,0.007918020535477778
-7.96886243461396e-17,0.11201266290868273,8.423574015822879e-17,-0.0461366279466283,6.700183662443536e-17,0.009809605842257908
-7.934332649250643e-17,0.11394620330001959,8.456395786150747e-17,-0.04537560421405661,5.4706236568945436e-17,0.011708111115870142
-7.8999882114218e-17,0.11580343518579408,8.488770993737054e-17,-0.04457989390202138,1.3832762113960294e-16,0.013612191488213382
-7.865833848633946e-17,0.11758419303511682,8.52070202017186e-17,-0.04374994035989757,4.321058923627528e-17,0.015520482826750039
-7.83187408258274e-17,0.11928835120942853,8.552191421129994e-17,-0.04288624287708457,1.237971550534517e-17,0.01743160180827556
-7.798113227552859e-17,0.1209158236263921,8.583241921346133e-17,-0.041989358123307285,9.766341799274227e-17,0.019344146030913754
-7.764555389019939e-17,0.12246656340737404,8.613856409584152e-17,-0.04105990152770404,1.1020033392280663e-16,0.021256694170695062
-7.731204462452912e-17,0.12394056250884194,8.644037933605353e-17,-0.04009854858361736,4.252568471433207e-17,0.023167806190487236
-7.698064132314592e-17,0.1253378513380419,8.673789695140119e-17,-0.03910603606681205,1.7547873282338086e-16,0.025076023607892416
-7.665137871258495e-17,0.12665849835327883,8.703115044867304e-17,-0.03808316315251382,1.2417471108650714e-16,0.026979869830458542
-7.63242893951919e-17,0.1279026096491877,8.732017477405558e-17,-0.037030792416962506,7.652206225984945e-17,0.02887785056584465
-7.599940384493911e-17,0.12907032852731284,8.760500626320618e-17,-0.03594985070799203,1.0420914140129207e-16,0.030768454315270147
-7.567675040512326e-17,0.13016183505239207,8.788568259152402e-17,-0.034841329869029804,-9.023465657752269e-17,0.032650152958267106
-7.535635528791629e-17,0.1311773455946961,8.816224272465626e-17,-0.03370628729972972,1.1264526146479388e-17,0.034521402437438724
-7.503824257573875e-17,0.13211711235877888,8.843472686927434e-17,-0.03254584633687549,4.368389959227436e-17,0.03638064355121451
-7.472243422442058e-17,0.13298142289904163,8.870317642415445e-17,-0.03136119643814811,3.7368232312845846e-17,0.038226302863121245
-7.440895006811676e-17,0.13377059962245183,8.896763393159378e-17,-0.030153593152084986,2.862773153842902e-17,0.04005679373522012
-9.056747021595424e-17,0.1344849992788166,3.337882377783796e-16,-0.028924357857044582,1.2165733115158273e-16,0.04187051749350051
-9.033706450709222e-17,0.13512501243897823,3.3404131905558476e-16,-0.027674877252035168,1.220940978136786e-16,0.04366586473275841
-9.009997202959314e-17,0.13569106296131947,3.342909355928885e-16,-0.026406602583700537,5.5100107691145783e-17,0.045441216767119805
-8.985626013137083e-17,0.1361836074469559,3.3453713662504783e-16,-0.025121048593481105,-1.0794402352562423e-17,0.047194947232457596
-8.960599803002132e-17,0.1366031346840141,3.347799714115462e-16,-0.023819792170171702,7.842705034286106e-17,0.04892542384588633
-8.934925675811655e-17,0.13695016508135882,3.35019489205128e-16,-0.022504470694261976,1.9783142092919913e-16,0.05063101032654989
-8.908610910873503e-17,0.13722525009218878,3.3525573922228597e-16,-0.021176780062034172,1.8124733520428554e-16,0.05231006848065421
-8.881662958123087e-17,0.13742897162786397,3.3548877061566006e-16,-0.01983847237856565,5.025092572601711e-17,0.05396096045288226
-8.854089432724705e-17,0.13756194146236933,3.357186324483052e-16,-0.018491353311141094,5.948655390150754e-17,0.055582051144611316
-8.825898109697516e-17,0.13762480062779894,3.359453736697781e-16,-0.01713727909631512,9.234326156182506e-17,0.057171710798206876
-8.797096918566572e-17,0.13761821880125927,3.36169043093997e-16,-0.015778153196711307,1.0761133096260396e-17,0.05872831774476701
-8.767693938039059e-17,0.1375428936835857,3.3638968937881664e-16,-0.014415922605689514,7.162024278900471e-17,0.0602502613114499
-8.737697390706008e-17,0.13739955037024643,3.366073610072698e-16,-0.013052573801606716,9.966162978567002e-17,0.061735944882224884
-8.707115637769696e-17,0.13718894071485435,3.368221062704124e-16,-0.01169012835558483,4.3963744396302875e-17,0.06318378910469657
-8.675957173796893e-17,0.13691184268565917,3.370339732517183e-16,-0.010330638200434583,9.504686958532346e-17,0.06459223523340214
-8.644230621498086e-17,0.136569059715414,3.3724300981295983e-16,-0.008976180571853922,1.827119207386853e-16,0.06595974859802209
-8.611944726532868e-17,0.13616142004501292,3.3744926358151383e-16,-0.0076288526356544754,7.83542636654737e-17,0.06728482218365671
-8.579108352341637e-17,0.1356897760612932,3.3765278193902855e-16,-0.006290765819515284,1.2241120399040842e-16,0.0685659803075515
-8.545730475003717e-17,0.1351550036293803,3.378536120113879e-16,-0.004964039869509717,6.794460495005952e-17,0.06980178237619504
-8.511820178122048e-17,0.13455800141997287,3.3805180065990617e-16,-0.003650796657342259,4.442446879867769e-17,0.07099082670334574
-8.477386647734597e-17,0.13389969023194837,3.3824739447368803e-16,-0.0023531537651583475,8.132015857529833e-17,0.07213175436979717
-8.44243916725269e-17,0.13318101231068818,3.3844043976308515e-16,-0.0010732178802401048,6.548923213792883e-17,0.07322325310262388
-8.406987112426392e-17,0.1324029306624856,3.3863098255418495e-16,0.0001869219668915994,1.833191139659445e-17,0.0742640611517385
-8.371039946337127e-17,0.1315664283654336,3.388190685842603e-16,0.00142520128321578,2.213983564704202e-17,0.07525297113947813
-8.334607214417827e-17,0.1306725078771695,3.390047432981153e-16,0.0026395870737765453,2.717944223851072e-17,0.07618883385900271
-8.297698539500746e-17,0.12972219033984903,3.39188051845258e-16,0.0038280848399358334,3.6542710506757784e-17,0.07707056199600108
-8.260323616893338e-17,0.12871651488273214,3.39369039077834e-16,0.004988745572099914,3.953870683549127e-17,0.0778971337483507
-8.222492209482384e-17,0.12765653792274537,3.3954774954925284e-16,0.006119672692110615,7.53720969354334e-17,0.07866759631814454
-8.184214142866749e-17,0.12654333246339708,3.3972422751344145e-16,0.007219028899616285,3.953146426576057e-17,0.07938106925074268
-8.145499300519181e-17,0.12537798739240982,3.3989851692466026e-16,0.008285042876615684,3.2517649375747847e-17,0.08003674759618752
-8.106357618977523e-17,0.12416160677843704,3.400706614378159e-16,0.009316015804001413,7.913879445533117e-17,0.08063390486881578
-8.066799083065724e-17,0.12289530916721386,3.4024070440920723e-16,0.010310327645576307,4.0993436068107644e-17,0.08117189578271121
-8.026833721145291e-17,0.12158022687751979,3.40408688897644e-16,0.011266443154543362,5.106527255916011e-17,0.08165015874086448
-7.986471600397542e-17,0.12021750529728412,3.4057465766587435e-16,0.012182917561375623,8.733849385337061e-17,0.08206821805912391
-7.94572282213733e-17,0.11880830218020144,3.4073865318226463e-16,0.013058401901735212,4.473940083628919e-17,0.0824256859062422
-7.904597517158857e-17,0.11735378694320085,3.4090071762267087e-16,0.013891647947654288,1.0079639567318804e-16,0.08272226394473396
-7.863105841114157e-17,0.11585513996509818,3.4106089287244756e-16,0.014681512707490539,8.814754379371707e-17,0.08295774465904657
-7.821257969925044e-17,0.11431355188679253,3.4121922052853784e-16,0.015426962463225734,7.353918277668396e-17,0.08313201235971125
-1.2785291657209338e-16,0.11273022291332806,1.228613373741447e-15,0.01612707631824371,1.129378774191324e-16,0.08324504385524512
-1.2670648076097278e-16,0.11110636211814141,1.228795043980121e-15,0.01678104923267925,-1.0708021433673673e-16,0.08329690878615109
-7.693679153369479e-17,0.10944318674984722,3.4168352962226023e-16,0.017388194526862234,-1.7633969367616548e-16,0.08328776961746696
-1.2435210988094726e-16,0.10774192154186098,1.229153942204681e-15,0.017947945839352084,7.828571600075669e-17,0.08321788129005031
-1.2314546982746046e-16,0.1060037980251848,1.2293311541139822e-15,0.018459858529233392,-1.1650505860985504e-16,0.08308759053252844
-7.563261910227892e-17,0.10423005384466096,3.421326806104628e-16,0.01892361051806777,-1.5000085523199494e-16,0.08289733483921112
-1.2067653842995553e-16,0.10242193207902091,1.2296810653116118e-15,0.01933900257060883,1.1797369758692665e-16,0.0826476411212087
-1.1941555696965674e-16,0.10058068056499814,1.2298537504650887e-15,0.019705958018974568,-1.336234169936462e-16,0.08233912404112287
-7.430281608940622e-17,0.09870755122583247,3.4256775105923186e-16,0.020024521938101777,-1.4562041032609186e-16,0.08197248404309866
-1.1684384990594395e-16,0.09680379940444697,1.230194548392871e-15,0.020294859785823897,1.3108438114093387e-16,0.08154850509298191
-7.340339616161051e-17,0.09487068320157205,3.428504975449834e-16,0.020517255523909296,-1.0851514519152677e-16,0.08106805214459141
-1.1421021389733168e-16,0.09290946281912482,1.2305292152180384e-15,0.02069210924056191,1.438521351930199e-16,0.08053206835008166
-7.249461091887521e-17,0.09092139990909184,3.4312776268526637e-16,0.020819934298275375,-5.678414406615404e-17,0.07994157203385674
-1.1151993252981798e-16,0.08890775692820573,1.2308577200248279e-15,0.020901354033472368,1.660031165050658e-16,0.07929765345037995
-7.157726177546237e-17,0.08686979649866405,3.4339984927781046e-16,0.020937098038084447,-5.0194795807509135e-17,0.07860147134788512
-7.111562429616645e-17,0.08480878077516914,3.4353404402759487e-16,0.02092799805386266,1.6836900147444174e-16,0.07785424935968735
-1.0738985413466207e-16,0.08272597081852036,1.2313388904496503e-15,0.02087498351372935,2.1784248077119368e-16,0.07705727224632393
-7.018691624240639e-17,0.0806226259760291,3.437989207838025e-16,0.020779076764855246,-7.146033992490651e-17,0.07621188201131178
-1.0458104549182959e-16,0.07850000326897481,1.2316519503581478e-15,0.020641388009540435,9.867656699487842e-17,0.07531947391356154
-6.925161436572276e-17,0.07635935678735743,3.4405935632094845e-16,0.0204631100008308,-3.690289337638337e-17,0.07438149239938549
-6.878173224452841e-17,0.07420193709216195,3.4418799844140076e-16,0.020245512529536058,1.2566502475036907e-16,0.07339942697632622
-6.831049010602599e-17,0.07202899062537177,3.443156374242407e-16,0.019989936740052908,1.268395241824635e-16,0.07237480805094106
-9.885395424034546e-17,0.06984175912793723,1.2322596636950536e-15,0.019697789311158106,1.4193571469179865e-16,0.07130920275143328
-6.736430366192419e-17,0.06764147906591302,3.445680459932891e-16,0.01937053653764529,-7.217816241067907e-17,0.07020421075540179
-6.688954633199003e-17,0.0654293810649766,3.446928847862504e-16,0.01900969834808014,9.273071253232514e-17,0.06906146014220339
-9.448321160063861e-17,0.06320668935351717,1.2326995631167265e-15,0.018616842291140873,1.2310723608955286e-16,0.06788260328737895
-6.593716464106597e-17,0.06097462121449515,3.4494000192330377e-16,0.018193577524148987,-9.784629002567824e-17,0.0666693128169422
-6.545972211410396e-17,0.05873438644625574,3.450623474536457e-16,0.017741548832668756,6.696250508999874e-17,0.06542327763625361
-6.49815648142553e-17,0.056487186832476076,3.451839284911651e-16,0.017262430710915797,2.387118828798374e-16,0.0641461990484505
-6.450278130004114e-17,0.0542342156214177,3.4530477772736173e-16,0.016757921528828462,1.2393581508940874e-16,0.06283978697493622
-6.402345913159599e-17,0.051976657014658735,3.454249274752175e-16,0.016229737810868526,2.4190322446751037e-16,0.061505756289783726
-6.354368484121472e-17,0.04971568566546132,3.45544409658542e-16,0.015679608648929717,1.8457232961487057e-16,0.060145823278219046
-8.413667211900917e-17,0.04745246618692293,1.2336750072620108e-15,0.015109270269144891,1.7219362235906333e-16,0.05876170222775662
-6.25831207129758e-17,0.04518815267007564,3.45781497013981e-16,0.014520460771837471,-5.0592917184183344e-17,0.057355102160156594
-6.210249854561963e-17,0.042923888212062326,3.4589916398591725e-16,0.013914915059316937,1.30938257253671e-16,0.05592772370973854
-6.162175954358811e-17,0.04066080445452335,3.4601628696876606e-16,0.013294359966333907,2.549755719441812e-16,0.054481256153628387
-6.114098468388415e-17,0.03840002113233223,3.461328957659916e-16,0.012660509604543296,2.317507757067401e-16,0.05301737459754267
-6.066025375453376e-17,0.03614264563279618,3.462490197194859e-16,0.01201506093089675,2.0161352583488208e-16,0.05153773731994587
-6.017964533043024e-17,0.03388977256543948,3.4636468769632e-16,0.011359689547580858,7.128058324898756e-17,0.05004398327614362
-5.969923674997684e-17,0.03164248334247371,3.464799280752309e-16,0.010696045739917061,1.8141817797040257e-16,0.04853772976328114
-5.921910409253749e-17,0.029401845770066146,3.4659476873287384e-16,0.010025750755811573,1.7191031890106014e-16,0.04702057024569202
-5.873932215670456e-17,0.02716891365049852,3.4670923702987145e-16,0.009350393330374945,1.7128613057962549e-16,0.045494072340151674
-6.933764827420631e-17,0.024944726395300865,1.2349557240537975e-15,0.008671526455328272,1.6951152840506398e-16,0.04395977595847562
-5.778110311575663e-17,0.02273030864945756,3.469371633193848e-16,0.007990664394846246,-6.125948657796316e-17,0.0424191916061053
-5.730280901997214e-17,0.020526669926747468,3.4705067332521987e-16,0.0073092799442935055,1.3522158381478768e-16,0.04087379883260325
-5.682515162683264e-17,0.018334804256301886,3.4716391496824203e-16,0.006628801930396914,1.6100477234365317e-16,0.03932504483121311
-5.634819903422165e-17,0.016155689840431194,3.472769128147973e-16,0.005950612948740855,2.0210871571371456e-16,0.0377743431833252
-5.587201794643521e-17,0.013990288723800513,3.473896908290531e-16,0.0052760473335406646,1.6944944965108891e-16,0.0362230727432798
-5.539667365836786e-17,0.011839546473973643,3.475022723585488e-16,0.00460638935475659,2.0639574381173272e-16,0.034672576659137144
-5.492223004056751e-17,0.00970439187340881,3.476146801198158e-16,0.0039428716356099,1.761696488647508e-16,0.0331241615240603
-5.444874952516101e-17,0.007585736622912039,3.4772693618409683e-16,0.0032866737846383018,1.8449900443413294e-16,0.031579096653667454
-5.397629309265451e-17,0.005484475056607815,3.47839061963205e-16,0.002638921233562416,1.92803220305684e-16,0.03003861348328048
-5.350492025961104e-17,0.0034014838684401968,3.4795107819555317e-16,0.002000684275116045,2.0289943822072842e-16,0.02850390508063218
-5.3034689067205724e-17,0.0013376218502186862,3.480630049323919e-16,0.0013729772905790153,1.6089751354399957e-16,0.02697612576738777
-5.2565656070663e-17,-0.0007062703587444392,3.48174861524289e-16,0.0007567581611172331,1.6909266971918838e-16,0.025456390845193706
-5.2097876329572053e-17,-0.002729370510439803,3.4828666660788464e-16,0.00015292785230513974,1.6424568900172452e-16,0.023945776419633424
-5.1631403399084607e-17,-0.004730874975363247,3.4839843809295843e-16,-0.00043766983521091894,1.89454644778555e-16,0.022445319317384506
-5.116628932199094e-17,-0.006709998958148642,3.4851019314983875e-16,-0.001014248357995601,1.765592540994633e-16,0.020956017090924123
-5.070258462167455e-17,-0.008665976701626658,3.4862194819718953e-16,-0.001576078373581495,1.6756400611857138e-16,0.019478828105487993
-5.024033829594253e-17,-0.010598061679319475,3.487337188902056e-16,-0.002122487544078115,1.3866881990881585e-16,0.018014671703137218
-4.422602830684119e-17,-0.012505526776395909,1.2370123647271803e-15,-0.0026528602079252854,1.9442616720487832e-16,0.016564428438904703
-4.93204091006713e-17,-0.01438766445911418,3.489573659489585e-16,-0.0031666369279318564,-1.3146583220863112e-16,0.015128940384139018
-4.8862816555543034e-17,-0.016243786932775204,3.4906926970785217e-16,-0.003663313923430575,1.0083142776599769e-16,0.013709011492365187
-4.8406863027560035e-17,-0.018073226288233036,3.4918124387847325e-16,-0.004142442394606934,1.3524889520529398e-16,0.012305408022937381
-4.795258982453252e-17,-0.01987533463699257,3.492933001380829e-16,-0.004603627746162138,2.041332275529339e-16,0.010918859018248643
-4.7500036709870644e-17,-0.021649484234945476,3.4940544933994364e-16,-0.005046528717310063,1.3074850621732694e-16,0.009550056830384257
-4.704924190243155e-17,-0.023395067594800787,3.4951770150521236e-16,-0.005470856425773227,1.5735746872072108e-16,0.008199657692829538
-4.660024207720207e-17,-0.025111497587261555,3.4963006581547e-16,-0.005876373331581539,1.8652103831416417e-16,0.006868282333778646
-4.615307236680934e-17,-0.026798207531003763,3.4974255060590934e-16,-0.006262892127226518,1.7764719990928501e-16,0.005556516627265557
-4.570776636384941e-17,-0.02845465127154263,3.49855163359206e-16,-0.006630274560705706,1.2388872830868358e-16,0.004264912278375273
-4.526435612402608e-17,-0.030080303249040118,3.499679107000912e-16,-0.006978430196152361,1.254994556728464e-16,0.002993987539708514
-4.482287217008966e-17,-0.031674658555138985,3.50080798390647e-16,-0.00730731511859785,1.4013679698395506e-16,0.0017442279553987704
-4.4383343496565795e-17,-0.03323723297889894,3.5019383132634293e-16,-0.0076169305867957796,2.404588002649912e-16,0.0005160871302520323
-4.3945797575262553e-17,-0.034767563041931564,3.5030701353283045e-16,-0.00790732163998847,1.8669355805566705e-16,-0.0006900124793205442
-4.35102603615454e-17,-0.036265206022813135,3.504203481635092e-16,-0.008178575662372352,2.501561579309846e-16,-0.0018736787549103844
-4.307675630136783e-17,-0.03772973997087442,3.505338374978834e-16,-0.008430820909931094,1.4759420140815764e-16,-0.0030345490889849697
-4.264530833904473e-17,-0.03916076370947026,3.506474829407151e-16,-0.008664225003270716,2.730498087625236e-16,-0.0041722895432844175
-4.2215937925756726e-17,-0.04055789682882436,3.50761285021991e-16,-0.008878993390759421,2.1146516092190878e-16,-0.005286593995283082
-4.178866502877035e-17,-0.041920779668570704,3.5087524339770883e-16,-0.009075367784745679,1.8389376498798767e-16,-0.006377183274546808
-4.136350814136229e-17,-0.04324907329008442,3.509893568514927e-16,-0.009253624574816715,1.9729102142033912e-16,-0.007443804291369174
-4.094048429343131e-17,-0.04454245943874069,3.5110362329704387e-16,-0.009414073220694158,1.9359674409873455e-16,-0.008486229159420761
-4.051960906278565e-17,-0.04580064049618917,3.5121803978143196e-16,-0.009557054628006807,1.8573351482698503e-16,-0.009504254314456633
-4.0100896587087333e-17,-0.04702333942281583,3.513326024892299e-16,-0.009682939509486649,1.0403005224160125e-16,-0.010497699630771939
-3.9684359576442e-17,-0.0482102996904634,3.514473067474944e-16,-0.009792126734112921,1.2510404289919923e-16,-0.011466407537135489
-3.927000932661459e-17,-0.04936128520559076,3.5156214703159313e-16,-0.009885041666982534,1.8198896500149557e-16,-0.012410242133972307
-3.885785573285803e-17,-0.05047608022296287,3.5167711697187636e-16,-0.009962134501727728,1.7529057543928763e-16,-0.0133290883131951
-3.8447907304335614e-17,-0.051554489250050274,3.5179220936119167e-16,-0.010023878588132919,2.0701399504656094e-16,-0.014222850882394838
-3.8040171179122325e-17,-0.0525963369422423,3.519074161632353e-16,-0.010070768756891587,2.6642354562636557e-16,-0.015091453694812617
-1.3830819573711173e-17,-0.053601467989039746,1.239988484634379e-15,-0.010103319643631321,2.9275512801071416e-16,-0.015934838786561004
-3.723135762939926e-17,-0.054569746991376344,3.521381367704755e-16,-0.01012206401400221,-5.468981651273784e-17,-0.01675296552242312
-3.6830287768359895e-17,-0.055501058330192934,3.522536304440935e-16,-0.01012755109233655,1.3536988465885093e-16,-0.017545809751831662
-1.1386898478802448e-17,-0.05639530602645687,1.2403122063633639e-15,-0.010120344895054048,2.0648046161759606e-16,-0.0183133629760545
-3.603483096503244e-17,-0.05725241359274456,3.5248482827951204e-16,-0.010101022571380392,-1.2772449040854473e-18,-0.019055631528177523
-9.851151381690517e-18,-0.058072323876573094,1.240529305936015e-15,-0.010070172752961612,2.0280189919815054e-16,-0.019772635767033933
-3.5248281900249707e-17,-0.05885499889562486,3.527162227844526e-16,-0.010028393914287285,5.051760938610905e-17,-0.020464409286341866
-8.39043874448015e-18,-0.059600419665038415,1.2407474472672878e-15,-0.009976292746168928,2.298081456961402e-16,-0.021130998140419407
-3.447061972634136e-17,-0.060308586016925514,3.52947702755402e-16,-0.009914482543651206,5.1122415582062124e-17,-0.021772460087455668
-3.408510938548205e-17,-0.06097951641228589,3.5306343688712606e-16,-0.0098435816110385,1.1077236351029732e-16,-0.022388863851803723
-6.34002568413872e-18,-0.06161324774548604,1.2410765727601206e-15,-0.009764211685227,1.8458253323428718e-16,-0.0229802884061327
-3.332069618673974e-17,-0.06220983514148066,3.532948115879193e-16,-0.009676996380306876,-1.7964462779467156e-17,-0.023546822274915603
-5.0665844610352536e-18,-0.06276935174594456,1.241297200020425e-15,-0.00958255965463474,2.0755331021394284e-16,-0.02408856286000975
-3.2565034273496385e-17,-0.06329188850849224,3.535259447027795e-16,-0.009481524303037147,6.544209129695448e-17,-0.024605615789594335
-3.8675353324355075e-18,-0.0637775539591593,1.2415187126479297e-15,-0.009374510476381935,2.0001997757301198e-16,-0.025098094291500193
-3.181803773344784e-17,-0.0642264739783401,3.5375668726652094e-16,-0.00926213423006644,3.6611029553714556e-17,-0.025566118591661375
-2.742367574590757e-18,-0.06463879156034048,1.2417410141512832e-15,-0.00914500610428772,2.9387726802589807e-16,-0.026009815338856313
-3.1079603585779776e-17,-0.06501466657074009,3.5398688087156403e-16,-0.009023729738227291,1.1975889679475786e-16,-0.026429317056543743
-1.6904321688314055e-18,-0.06535427549775055,1.2419639861642607e-15,-0.0088989005200946,1.8219729815106996e-16,-0.026824761622488546
-3.0349612491684375e-17,-0.06565781119774211,3.542163583358398e-16,-0.00877110427570479,1.3595145144754865e-16,-0.027196291777052083
-2.9987741501717375e-17,-0.0659254826351344,3.5433077404327806e-16,-0.008640915997637343,2.7556403222346915e-16,-0.02754405466073709
-2.962792947979955e-17,-0.06615751461683572,3.544449444032075e-16,-0.008508898617369481,2.568472939688904e-16,-0.027868201381604746
1.9700371003892594e-19,-0.06635414752141096,1.2424113640936203e-15,-0.008375601822886342,3.1018115482569924e-16,-0.028168886613168912
-2.891440468427071e-17,-0.06651563702318064,3.546724564727926e-16,-0.00824156092313015,2.1347153241932356e-16,-0.028446268222879417
1.0344549418878742e-18,-0.06664225381142079,1.2426354321462654e-15,-0.008107295763245698,3.2356724001512523e-16,-0.028700506932132785
1.4271010495951293e-18,-0.06673428330487217,1.2427474779914566e-15,-0.007973309690521525,1.2177482176482194e-16,-0.028931766007274578
-2.78590516885571e-17,-0.06679202536173709,3.550112953643409e-16,-0.00784008857540936,1.1831133647101716e-16,-0.02914021098250733
2.161012851355393e-18,-0.06681579398535267,1.2429714628500753e-15,-0.007708099887814818,3.2602612351856325e-16,-0.029326009414127847
-2.7165175800651247e-17,-0.06680591702573925,3.552352822258489e-16,-0.007577791831891792,1.3790897447746647e-16,-0.029489330666447926
2.8275373313970476e-18,-0.06676273587720895,1.2431951199679151e-15,-0.007449592540425888,3.5370448479142605e-16,-0.02963034572897278
3.1359746208763047e-18,-0.06668660517222573,1.2433067527568062e-15,-0.00732390933102425,1.4133933941645966e-16,-0.029749227064708412
-2.613841116436672e-17,-0.06657789247170551,3.5556789850684843e-16,-0.0072011280253092905,1.335897913017229e-16,-0.029846148489063678
-2.5799798288713756e-17,-0.06643697795195562,3.5567777030661007e-16,-0.00708161233294973,3.3889913090619406e-16,-0.029921285078946553
-2.54629609422644e-17,-0.06626425408842644,3.557870984043169e-16,-0.006965703301704299,3.147822985456008e-16,-0.02997481311138732
4.208717967906267e-18,-0.06606012533648872,1.2437512561974178e-15,-0.006853718834478621,3.0943029873162336e-16,-0.0300069100308921
4.437676385357524e-18,-0.06582500780940227,1.2438617131491966e-15,-0.00674595327476441,1.641727997671551e-16,-0.030017754444801394
4.651373774259054e-18,-0.06555932895368197,1.2439718355542573e-15,-0.0066426770607470285,1.6236826525679398e-16,-0.03000752614553201
-2.4132793439380884e-17,-0.06526352722204193,3.5621844524593205e-16,-0.006544136449237872,1.9772698025077776e-16,-0.029976406158801965
-2.380439870616175e-17,-0.06493805174410701,3.563246577443902e-16,-0.006450553309315032,4.1464485501455954e-16,-0.02992457681651492
5.203172556505822e-18,-0.06458336199507961,1.244299848727136e-15,-0.006362124986283957,3.8777132776299454e-16,-0.0298522218531549
-2.3152370788145966e-17,-0.06419992746254431,3.5653494726590365e-16,-0.006279024235579075,2.185929174781735e-16,-0.02975952652423046
-2.282867423442982e-17,-0.06378822731160406,3.566389710740284e-16,-0.0062013992269188915,3.8549287079499997e-16,-0.029646677745470758
5.62601671800633e-18,-0.0633487500485166,1.244623585617059e-15,-0.00612937361724066,4.211530976008736e-16,-0.029513864250966478
-2.218575423984448e-17,-0.0628819931830367,3.5684464421096377e-16,-0.006063046693182401,2.888000091082158e-16,-0.029361276769047585
5.839578281581338e-18,-0.06238846288961961,1.24483655223287e-15,-0.006002493580692278,4.358146167712922e-16,-0.029189108213823468
5.926632268760247e-18,-0.06186867366769136,1.2449420682722839e-15,-0.005947765521874805,3.2115665428782287e-16,-0.028997553890986724
-2.123206008105194e-17,-0.0613231480011487,3.571468231616133e-16,-0.005898890217027506,3.2959407148598686e-16,-0.028786811715922265
6.0626158407366834e-18,-0.0607524160172716,1.2451509817702541e-15,-0.005855872230461189,4.482013087331845e-16,-0.028557082442350914
6.112088133102608e-18,-0.06015701514522348,1.245254305602874e-15,-0.005818693458496347,3.841355362076963e-16,-0.02830856989970172
6.1495816250751235e-18,-0.05953748977432423,1.2453568251827293e-15,-0.005787313657615978,4.2085633240930946e-16,-0.028041481237331106
6.175375995351267e-18,-0.05889439091224696,1.2454585039316573e-15,-0.0057616710306396075,3.44354650017665e-16,-0.02775602717372799
6.18975394027296e-18,-0.058228275843333906,1.2455593054503853e-15,-0.005741682868355689,4.581466313030806e-16,-0.027452422248763073
6.193001000803164e-18,-0.0575397077871878,1.2456591935645186e-15,-0.005727246244404614,3.953165156105883e-16,-0.027130885077194137
6.185405389932464e-18,-0.0568292555577102,1.2457581323696546e-15,-0.005718238760950945,3.745139609680299e-16,-0.026791638601621388
6.167257820595893e-18,-0.05609749322274866,1.2458560862755516e-15,-0.005714519341447029,4.065784577666868e-16,-0.026434910342863802
6.1388513341821306e-18,-0.055344999764525164,1.245953020049309e-15,-0.005715929068774654,4.1803611668582454e-16,-0.02606093264625667
6.100481129711415e-18,-0.05457235874100078,1.2460488988574797e-15,-0.005722292064625623,4.494195162947976e-16,-0.02566994292187687
6.052444393760082e-18,-0.05378015794834301,1.246143688307088e-15,-0.005733416407567523,5.247767611177071e-16,-0.025262183877152736
5.995040131201357e-18,-0.052968989084636535,1.2462373544854702e-15,-0.005749095086235286,5.170784189131765e-16,-0.024837903740163262
5.928568996850432e-18,-0.05213944741502489,1.2463298639989153e-15,-0.005769106984850894,5.059022738674426e-16,-0.02439735647217866
5.8533331280701316e-18,-0.05129213143840162,1.246421184010048e-15,-0.00579321789654866,5.099396414547776e-16,-0.02394080196772119
5.769635978421693e-18,-0.05042764255582548,1.2465112822739077e-15,-0.005821181562389986,4.96318836585976e-16,-0.023468506241023025
5.677782152422378e-18,-0.0495465847407968,1.2466001271726935e-15,-0.005852740731702668,5.805778461588985e-16,-0.02298074159737607
5.578077241485317e-18,-0.048649564211548604,1.2466876877491305e-15,-0.0058876282404004415,6.187408184594613e-16,-0.022477786788181783
5.470827661102576e-18,-0.04773718910548696,1.2467739337384249e-15,-0.005925568104090817,6.290650332529895e-16,-0.021959927148631566
5.35634048934306e-18,-0.04681006915593293,1.2468588355987795e-15,-0.0059662766222795625,6.005964195589756e-16,-0.021427454716944603
5.2349233067270204e-18,-0.04586881537129727,1.2469423645404371e-15,-0.00600946348988623,6.516545664132035e-16,-0.020880668334176497
5.1068840375383216e-18,-0.044914039716821653,1.2470244925532316e-15,-0.0060548329135925545,6.928687834945074e-16,-0.020319873723951266
4.972530792642382e-18,-0.04394635479903251,1.2471051924326196e-15,-0.00610208472823439,6.799256005297419e-16,-0.01974538355114034
4.832171713862437e-18,-0.04296637355302158,1.2471844378041758e-15,-0.006150915511661557,7.112237052741098e-16,-0.019157517459190865
4.686114819978636e-18,-0.04197470893269457,1.2472622031465394e-15,-0.0062010196930412115,7.889622788259882e-16,-0.018556602085289434
4.534667854403411e-18,-0.040971973604104275,1.2473384638127905e-15,-0.006252090652877109,8.003572640394884e-16,-0.01794297105321464
4.378138134592387e-18,-0.039958779641997864,1.247413196050252e-15,-0.006303821811119856,9.550942987142519e-16,-0.017316964943493
4.2168324032414546e-18,-0.038935738229691395,1.2474863770187108e-15,-0.006355907700082824,9.272596988821948e-16,-0.016678931240626672
4.051056681326007e-18,-0.037903459362393296,1.2475579848070447e-15,-0.00640804502035704,1.0402487491678893e-15,-0.016029224257485448
3.881116123031277e-18,-0.03686255155408752,1.2476279984482657e-15,-0.006459933675668594,9.661766614903898e-16,-0.01536820503667253
3.7073148726241564e-18,-0.035813621548087524,1.2476963979329712e-15,-0.00651127778539468,9.665801763051846e-16,-0.014696241229200421
3.5299559233166414e-18,-0.03475727403137292,1.2477631642212109e-15,-0.0065617866712889186,1.030548277101928e-15,-0.014013706950539918
3.3493409781654368e-18,-0.03369411135280979,1.2478282792527715e-15,-0.00661117581699859,1.0754424577591991e-15,-0.01332098261449279
3.165770313053048e-18,-0.0326247332453558,1.2478917259558984e-15,-0.006659167797046461,1.214279376584357e-15,-0.012618454745127548
2.97954264179579e-18,-0.031549736552354504,1.2479534882544499e-15,-0.006705493174797891,1.2316612163636044e-15,-0.011906515767476039
2.7909549834182813e-18,-0.030469714958006745,1.2480135510735144e-15,-0.006749891365835395,1.2765099885249685e-15,-0.011185563777332702
2.6003025316394524e-18,-0.029385258722122845,1.2480719003434935e-15,-0.006792111466588803,1.3668006020704936e-15,-0.01045600229100011
2.407878526605972e-18,-0.028296954419237665,1.2481285230026788e-15,-0.006831913045397923,1.4749649350331364e-15,-0.009718239975536702
2.213974128908447e-18,-0.027205384682171457,1.248183406998338e-15,-0.006869066895489181,1.4508083556795286e-15,-0.008972690360397648
2.0188782959240883e-18,-0.026111127950133796,1.2482365412863351e-15,-0.006903355747874024,1.5593689134031553e-15,-0.008219771531210935
1.8228776605160495e-18,-0.0250147582214431,1.2482879158293097e-15,-0.006934574943785845,1.7519720610310128e-15,-0.007459905806672934
1.6262564121160624e-18,-0.023916844810926846,1.248337521593443e-15,-0.0069625330648634106,1.7404205478815005e-15,-0.006693519399412018
1.15625025041052e-17,-0.022817952112111756,2.13652523340678e-15,-0.006987052520922928,1.897545228028399e-15,-0.005921042061866981
1.0877289314726976e-17,-0.021718639364228562,2.13657490230294e-15,-0.007007970094374407,2.0920311119707307e-15,-0.005142906718190289
1.0192351690073868e-17,-0.020619460424141502,2.1366226019780217e-15,-0.00702513744072654,2.1784491973333573e-15,-0.004359549083214303
9.508206378155027e-18,-0.01952096354324289,2.1366683258346917e-15,-0.007038421544563925,2.259791508169026e-15,-0.0035714072695532126
8.825364539729855e-18,-0.018423691149383064,2.1367120686151736e-15,-0.007047705131587964,2.4241656960740666e-15,-0.002778921384025293
8.144331549764555e-18,-0.017328179633886283,2.136753826385249e-15,-0.0070528870348816235,2.541097838251301e-15,-0.001982533114365263
7.465606803768467e-18,-0.016234959143727495,2.1367935965164438e-15,-0.00705388251780271,2.8136170861968865e-15,-0.001182685307573778
6.789683529031454e-18,-0.015144553378898327,2.136831377666478e-15,-0.007050623551078186,3.0951796274920187e-15,-0.0003798215408337581
1.2359823517842161e-17,-0.014057479395027897,3.025030963130018e-15,-0.007043059046282146,3.240460063005932e-15,0.0004256143136933437
1.120990564485327e-17,-0.012974247411299121,3.025066934617144e-15,-0.0070311550450032735,3.714171987881765e-15,0.0012331785291320434
1.0066159757359778e-17,-0.011895360623702413,3.0251007392433424e-15,-0.007014894864481043,4.049995252384604e-15,0.00204242796804771
8.92927288628732e-18,-0.010821315023668562,3.0251323818708344e-15,-0.00699427920030071,4.454412790244517e-15,0.0028529205293552126
7.799921748003887e-18,-0.009752599222123511,3.0251618688427325e-15,-0.006969326186862848,4.788486930000718e-15,0.003664215596862329
1.0537771976286465e-17,-0.008689694278983747,3.913362038717284e-15,-0.006940071415799143,5.284097219139836e-15,0.004475874488375122
8.956246160994897e-18,-0.007633073538134992,3.913388515675064e-15,-0.006906567914608276,6.111544589823154e-15,0.005287460904201661
7.387219491856243e-18,-0.0065832024679259886,3.9134126926618274e-15,-0.006868886084560711,6.848160507080648e-15,0.006098541374105502
8.292021672211796e-18,-0.005540538507184793,4.801610731943411e-15,-0.006827113600528913,7.639109366055406e-15,0.006908685701577378
6.290851557740503e-18,-0.004505530916797915,4.801631124048461e-15,-0.006781355272940469,9.07138588114258e-15,0.007717467404482656
4.3082401410150795e-18,-0.003478620636857131,4.801649101938869e-15,-0.006731732873309785,1.0411482910102185e-14,0.008524464151087732
3.4377360302340155e-18,-0.0024602401493955504,5.6898426599502904e-15,-0.006678384924747496,1.2027775980778386e-14,0.009329258190536463
1.6911849196524822e-18,-0.0014508133467350205,6.578034435018817e-15,-0.006621466458405649,1.4762161126987055e-14,0.010131436776886202
-9.179883477695218e-19,-0.0004507554054280149,7.466223998544042e-15,-0.0065611487376351155,1.8432944577959763e-14,0.010930592585828807
-4.136059016486283e-18,0.0005395273341688849,7.466232541996787e-15,-0.00649761895084322,1.8112860332658138e-14,0.011726324123303601
-7.992159281549569e-18,0.0015196374827033217,8.354416619817144e-15,-0.006431079875329478,1.7783400242438562e-14,0.01251823612520289
-1.267116811116489e-17,0.0024891867110104727,9.242597451475624e-15,-0.006361749512472981,1.7440673439412783e-14,0.013305939947468929
-1.815714436775128e-17,0.0034477958536785207,1.0130774681633181e-14,-0.00628986069711745,1.709790451409511e-14,0.014089053945881344
-2.443352329295423e-17,0.004395095006994209,1.1018947976163266e-14,-0.00621566068174634,1.6741704851512323e-14,0.014867203844915279
-3.148313760913266e-17,0.0053307236212726435,1.1907117022758628e-14,-0.006139410697778414,1.638074130206167e-14,0.015640023095081498
