0.0,0.0,0.0,0.0,0.0,0.0
0.0,0.0025723734013072936,-0.0028736812879251415,0.0003013078866178489,3.1841192549971534e-22,-1.1342317749714372e-18
-1.3142847007585979e-06,0.007717083145485746,-0.00862093089721748,0.0009034069816552213,-1.3142847007585985e-06,4.407700765104519e-07
-7.228369293661359e-06,0.015433789982092157,-0.017240688542024988,0.0018044744789994117,-7.228369293660727e-06,2.424080933407062e-06
-2.2997692718392807e-05,0.025721279991931065,-0.028729123035138172,0.0030001314463998564,-2.2997692718353128e-05,7.711596806717642e-06
-5.5843211204352646e-05,0.038576588132357044,-0.0430768294314227,0.004481520293802789,-5.584321120351341e-05,1.872100525152066e-05
-0.00011494082462735876,0.05399382848690344,-0.06026507872060914,0.006232733688266673,-0.00011494082461826151,3.851654531513961e-05
-0.00021140063887606275,0.07196275605540346,-0.08026119440039386,0.008227648165705313,-0.00021140063881119723,7.07901783973741e-05
-0.00035823146889225183,0.09246710749279323,-0.10301319838349521,0.01042626190787602,-0.00035823146854607296,0.00011982897807109446
-0.0005702860038562404,0.11548279928295095,-0.12844396316376167,0.01277069974650166,-0.0005702860023644338,0.00019046411375924014
-0.0008641830441725382,0.14097609892553353,-0.15644522135877406,0.015181125013170226,-0.0008641830387228391,0.0002879973448132231
-0.001258205521291043,0.1689019216988963,-0.1868719006255391,0.0175518761843521,-0.0012582055038453885,0.000418102500825191
-0.001772176799535703,0.19920243236460064,-0.2195373429885361,0.019748207766745112,-0.0017721767494235227,0.0005867021620319005
-0.0024273228422684047,0.2318061350588617,-0.25420999624101875,0.021604035783011444,-0.0024273227108205287,0.000799823571470555
-0.0032461334853360487,0.26662760373688543,-0.29061209645868624,0.022921046050922187,-0.0032461331662397273,0.0010634422230445526
-0.004252241055431943,0.30356793441382174,-0.32842067697275823,0.023469406744476853,-0.004252240331016499,0.001383325689071283
-0.00547033739749753,0.34251589523974757,-0.36727095461132764,0.022990144666465664,-0.005470335846589684,0.001764892960117968
-0.006926149795373424,0.38334963080619117,-0.4067618106780925,0.02119903062477187,-0.006926146642617089,0.0022131048863172184
-0.00864649189408531,0.4259386719363274,-0.4464627808868142,0.017791623675600683,-0.008646485773634884,0.0027323988085167315
-0.010659398351787145,0.47014593995151294,-0.4859217742862713,0.0124489969663851,-0.010659386949926053,0.0033266755437504096
-0.012994343379870528,0.5158294318227855,-0.5246727043628243,0.004843639826450622,-0.012994322911101471,0.00399934067136678
-0.015682535802122127,0.5628433285136245,-0.5622423351056237,-0.005354899528161431,-0.01568250026111885,0.004753395994963277
-0.018757278684809458,0.6110383657694933,-0.5981558745551738,-0.01847492887824472,-0.018757218801515343,0.00559157233736916
-0.02225438105959833,0.6602614193437902,-0.6319411188771638,-0.03483822220322465,-0.022254282865548407,0.00651649203914166
-0.02621261305014587,0.7103543620680665,-0.6631311963690857,-0.05475632113811686,-0.026212455939161113,0.007530848546560655
-0.03067420361149725,0.7611523340393035,-0.6912661415465357,-0.07852742712278912,-0.030673957744996955,0.00863759066021951
-0.035685391884165106,0.8124816255941472,-0.7158936316581365,-0.10643374067399161,-0.03568501474724495,0.009840099555136808
-0.04129705899206162,0.864157409482537,-0.7365692513144187,-0.13873910814599913,-0.0412964908464668,0.011142346858635457
-0.047565487602978025,0.915981581185474,-0.7528566373453026,-0.17568687227661373,-0.047564645500075976,0.012549021410911262
-0.05455332274642193,0.9677409822650392,-0.7643278208988334,-0.21749787284751254,-0.054552092646469375,0.014065610634756791
-0.06233084040603579,1.0192062969699731,-0.7705640511657288,-0.2643685899980392,-0.0623290667829597,0.015698419712466043
-0.0709776711620324,1.070131931239561,-0.7711573769077342,-0.31646944760738976,-0.07097514323043051,0.01745450810659249
-0.08058517463603808,1.1202572092527254,-0.7657133002361324,-0.37394327940563754,-0.08058160798099252,0.019341518396838057
-0.09125971452973267,1.1693092603421882,-0.7538549274572685,-0.436903885162427,-0.09125472639337237,0.021367366705847733
-0.10312713646586565,1.2170080257729583,-0.7352292564371334,-0.505434443418649,-0.10312021216488623,0.023539756443653432
-0.11633878213073204,1.263073900605856,-0.7095165967123226,-0.5795852723200521,-0.11632922893349569,0.025865466383197422
-0.1310793330638942,1.3072386476453175,-0.6764446485515745,-0.6593700162139813,-0.13106621620968256,0.02834934842683238
-0.14757653891904876,1.3492603614692227,-0.6358094507115718,-0.7447587850878106,-0.1475585922150224,0.03099294888655909
-0.16611213522704885,1.3889433228648485,-0.5875060525616572,-0.8356661820822833,-0.16608763594670936,0.03379264361470812
-0.18703125001320853,1.4261632527877466,-0.531571721398193,-0.9319318695886879,-0.18699784563583555,0.03673717188457924
-0.21074267868846217,1.4608969431605086,-0.46824204853927753,-1.0332922799999822,-0.21069715491201016,0.03980453010469904
-0.23769139486383736,1.4932508216750477,-0.3980118292925018,-1.1393462871061324,-0.23762939049351278,0.04295850953651821
-0.2682638169625161,1.523473307196821,-0.3216727004444125,-1.2495281867845858,-0.2681795458559116,0.04614607862694382
-0.30256176387071454,1.551921654723192,-0.24026876570421238,-1.3631185028731883,-0.3024479362770198,0.04929874359628849
-0.34000654639945194,1.5789543448787784,-0.15490596183968156,-1.4793292947007393,-0.3398548877682437,0.05234327005258432
-0.378949037611389,1.6047888597474003,-0.06647806037327453,-1.597440769643115,-0.3787518202384668,0.055224416866533975
-0.41684236949799747,1.6295063180278264,0.02434732841509106,-1.7168230113631415,-0.4165946055448855,0.057926256056889794
-0.4513033895939266,1.6533298823206524,0.11661954625333362,-1.83670215405368,-0.45100410616341563,0.060464881468753326
-0.48116864884128624,1.6768892873216112,0.20861153590982479,-1.9559283382441277,-0.4808201526446141,0.06285549816046358
-0.5065175422315602,1.7011220935928244,0.29803693569924855,-2.073099498437436,-0.5061236514009758,0.06509344335524571
-0.5280337622390981,1.7269591198759893,0.38269196608296663,-2.1868986805335755,-0.5275984479049011,0.06716166403589953
-0.5464844106547502,1.755100357039616,0.46089849946960404,-2.2963188538934576,-0.5460112166947508,0.06904446119351448
-0.5625093764077408,1.7859568182093817,0.5315962970890626,-2.4006969157392355,-0.5620013268524535,0.07073434352478394
-0.57658957724268,1.819688569827826,0.5942384000276336,-2.499643939838414,-0.5760492713655794,0.07223253170229522
-0.5890743898891262,1.856269874747555,0.6486402650682679,-2.5929557822831364,-0.5885041334860586,0.07354688747844353
-0.6002169091309889,1.8955488146754293,0.6948517290280072,-2.6805416330756846,-0.5996188282650934,0.07468953196592062
-0.6102027168972396,1.937292775711043,0.7330672388757858,-2.7623775337317107,-0.609578841953203,0.07567491738001218
-0.6191707083251177,1.9812208294821712,0.763568758154211,-2.8384801534239945,-0.6185230299926975,0.07651843679147388
-0.6272276135929046,2.0270263319984343,0.7866914380334997,-2.908894031450661,-0.6265581158133692,0.07723546303386407
-0.6344580213374432,2.074392731940438,0.8028036290248772,-2.9736866955209496,-0.6337686964818633,0.0778406967547511
-0.640931272045144,2.1230046966365292,0.8122953842039473,-3.032947811864385,-0.6402241230558993,0.07834773602672122
-0.6467061689678673,2.17255590190634,0.8155717721438689,-3.086789969299939,-0.6459832025369213,0.07876881038677169
-0.6518341560829296,2.2227543199845226,0.8130488259422178,-3.1353497203111913,-0.6510973702817803,0.07911464160383247
-0.6563614178629427,2.2733255388252984,0.805150914653131,-3.178788174178458,-0.6556127869836785,0.07939440384559521
-0.6603302284417379,2.3240144870768793,0.792308898741368,-3.2172908596087204,-0.6595716871620956,0.07961576103052075
-0.663779791031845,2.3745858635285924,0.774958754511428,-3.251066824895853,-0.6630132194035131,0.07978496198339369
-0.6667467455593945,2.4248235376489427,0.7535405159577355,-3.280347076484418,-0.6659739557692981,0.07990697628408033
-0.6692654743932013,2.4745291744010656,0.728497446766895,-3.305382509042146,-0.6684881997882095,0.07998565612364592
-0.6713682981824041,2.523520328479443,0.7002753599647465,-3.326441478421162,-0.6705881846929034,0.08002391214348174
-0.6730856238560254,2.57162824408035,0.6693219748250976,-3.343807133639292,-0.6723042237042026,0.08002389390991993
-0.6744460833893933,2.618695583560364,0.6360861598876769,-3.3577745720058076,-0.673664850814774,0.07998716806861166
-0.6754766839250129,2.664574290355928,0.6010168735653242,-3.368647827304187,-0.6746969725875755,0.07991488908402933
-0.6762029762766686,2.7091237666398045,0.5645615947079715,-3.376736657540182,-0.6754260379890207,0.07980795867374314
-0.6766492389053888,2.752209512044304,0.5271640482846964,-3.382353077490419,-0.6758762233824207,0.07966717061115149
-0.6768386675209441,2.793702323978014,0.48926108676091157,-3.3858075906353324,-0.676070622901626,0.07949333765163837
-0.6767935562059634,2.8334781015614663,0.4512786899955409,-3.3874051185449496,-0.6760314301825774,0.07928739721191523
-0.6765354543050793,2.871418226202398,0.4136271888823084,-3.387440699364517,-0.675780095776635,0.0790504924463714
-0.676085284288387,2.9074104191780923,0.37669597992292125,-3.3861951174083202,-0.6753374455253319,0.07878402585107286
-0.6754634092652101,2.941349911697241,0.34084814612477166,-3.3839307113375403,-0.6747237486223496,0.0784896837006475
-0.674689644301298,2.9731407193379336,0.3064154952615132,-3.3808876636480734,-0.6739587295392955,0.0781694314842242
-0.6737832122322758,3.0026968018378364,0.27369453772254504,-3.3772810782040863,-0.6730615245043537,0.07782548279497303
-0.672762650994388,3.0299429153609947,0.24294384078111297,-3.3732990968712735,-0.6720505895282325,0.07746024638251169
-0.6716456843431371,3.0548150224431128,0.21438302865631262,-3.369102199530311,-0.670943571807057,0.07707625778289344
-0.6704490703314253,3.0772602012377392,0.18819348587846574,-3.3648236973888737,-0.6697571588290014,0.07667610270971127
-0.6691884418548477,3.09723607298741,0.16452061299033646,-3.3605712977573954,-0.6685069194532723,0.07626233909626472
-0.6678781513808615,3.1147098293301885,0.14347732025620602,-3.3564295158351993,-0.6672071490515675,0.07583742348219338
-0.6665311285196226,3.129656979979394,0.12514835050734496,-3.352462650708497,-0.6658707273583043,0.07540364569708338
-0.6651587553146223,3.1420599550027486,0.10959499888324678,-3.348718030215779,-0.664508993910397,0.07496307392462394
-0.6637707607890235,3.1519066889754543,0.09685983074210096,-3.345229253419663,-0.6631316426258934,0.07451751058059176
-0.6623751338136274,3.159189294313593,0.08697106713191845,-3.342019205781799,-0.6617466346072323,0.07406845821455149
-0.6609780518847789,3.163902905818467,0.07994638788608598,-3.339102676507851,-0.6603601267795252,0.07361709391410881
-0.6595838228149254,3.16604475379029,0.07579597900178828,-3.336488459114112,-0.6589764133876713,0.07316425041207271
-0.658194836438839,3.165613502443343,0.07452471403573238,-3.33418085891211,-0.6575978774732162,0.07271040217674761
-0.6568115240036125,3.1626088749421477,0.07613340591751258,-3.3321805629213666,-0.6562249500125643,0.07225565509773221
-0.655432323755627,3.157031575664012,0.08061909776485474,-3.3304848499733515,-0.654856075238351,0.0717997388717172
-0.6540536522288521,3.1488835127128265,0.08797438390855368,-3.329087134712867,-0.6534876816520468,0.07134200177488058
-0.6526698817824659,3.138168317158176,0.09818577185587103,-3.3279758531143124,-0.6521141592748614,0.07088140812918786
-0.6512733259536257,3.1248921476822162,0.11123111927074895,-3.327132713606938,-0.6507278446977045,0.07041653938529771
-0.6498542350905822,3.1090647581638993,0.12707621373333716,-3.3265303612591195,-0.649319016386838,0.06994560030434661
-0.6484008053776422,3.090700789616195,0.14567061208548795,-3.3261295360331626,-0.6478759033456494,0.06946643215441443
-0.6468992045646197,3.0698212262500153,0.16694292265279817,-3.3258758512642146,-0.6463847104329535,0.06897653504719856
-0.6453336172269081,3.046454929391882,0.1907957947977942,-3.325696373431846,-0.6448296631524307,0.0684731014041839
-0.6436863109590011,3.0206401359980752,0.2171009665901078,-3.3254962427602113,-0.6431930733075011,0.06795306193304644
-0.6419377223756694,2.9924257867002626,0.24569479564672048,-3.3251556249663348,-0.6414554243928263,0.06741314432470509
-0.6400665581955711,2.9618725398998444,0.2763747368455271,-3.3245273122557584,-0.6395954720018875,0.0668499431545297
-0.6380499023681938,2.929053341874827,0.3088972087959135,-3.3234352802998366,-0.6375903502249981,0.0662599973445802
-0.6358633159025235,2.8940534637978668,0.3429771911716306,-3.3216744460429077,-0.6354156707176709,0.06563986935102069
-0.6334809127630898,2.8569699842384177,0.3782897171200708,-3.31901175855475,-0.6330455978315257,0.06498621845172048
-0.6308753939167221,2.8179107807826456,0.41447319271220845,-3.3151886068551293,-0.630452881917532,0.06429585960908132
-0.6280180229665987,2.77699317976158,0.45113423453438883,-3.309924373805464,-0.6276088342584649,0.0635657997032518
-0.6248785307231781,2.7343424784987183,0.48785352244958635,-3.302920838975225,-0.6244832309889392,0.06279324449978056
-0.621424941662858,2.6900905834421778,0.5241920634747724,-3.293867065041698,-0.6210441389482239,0.0619755722177116
-0.6176233210595748,2.6443749931286544,0.559697274908186,-3.282444404319338,-0.6172576622315918,0.06111027244025034
-0.6134374460275627,2.5973383018670635,0.5939084084330261,-3.268331326435335,-0.6130876126492619,0.060194851762902686
-0.6088284054309235,2.549128321926361,0.6263610148903233,-3.2512078709147296,-0.608495109016326,0.05922670957736143
-0.6037541317165813,2.499898835549661,0.6565903451482882,-3.2307596393868,-0.6034381083025585,0.05820298861009425
-0.5981688617409412,2.4498109073253205,0.6841337558110727,-3.2066813353176347,-0.5978708656967395,0.05712040542736588
-0.5920225132654902,2.3990346203688286,0.7085323154500301,-3.178679919156645,-0.5917433102632333,0.055975066424596806
-0.5852599485078878,2.347751048147845,0.7293318816637798,-3.1464774698803635,-0.5850003076025553,0.05476227522894702
-0.5778200750655436,2.2961542348363078,0.7460839497038169,-3.1098138359018397,-0.5775807598830437,0.0534763382843565
-0.5696347062721394,2.244452925926974,0.7583465759788242,-3.068449130896791,-0.5694164653784319,0.052110376843392606
-0.5606270656682674,2.192871762355453,0.7656856743464293,-3.0221660981014193,-0.5604306222860324,0.05065615568013339
-0.5507097713436833,2.1416516210321705,0.7676769910451942,-2.9707723467310436,-0.5505358126846631,0.04910394143036699
-0.5397820725979003,2.0910487480189053,0.7639091087846193,-2.914102475127983,-0.5396312391694399,0.04744240632567149
-0.5277260305675279,2.041332281950467,0.7539879398684755,-2.852020159246702,-0.5275989058616102,0.04565859597917234
-0.5144012335115934,1.9927796958601567,0.7375433781659176,-2.784420429284813,-0.5142983344532447,0.04373798271525303
-0.4996375166803179,1.945669581962672,0.7142391358268615,-2.7112326143886127,-0.49955928504788594,0.04166462896711471
-0.4832250278740333,1.9002710501367557,0.683787342651532,-2.6324248401708146,-0.483171822544537,0.03942148923885795
-0.4649008905146666,1.8568287998697197,0.6459702609979779,-2.5480115376040535,-0.4648729797625045,0.03699088515900785
-0.444331816301349,1.8155426971131277,0.6006723878358469,-2.458066125546605,-0.44432936841290605,0.034355196862689286
-0.42109273444888007,1.7765406278281606,0.5479268742091026,-2.3627416404852015,-0.421115803549922,0.03149782297597364
-0.3946439579467001,1.7398440720665065,0.4879793573451204,-2.2623019183937396,-0.3946924602229248,0.028404460371158066
-0.3643163557845613,1.7053286470910243,0.42136691446875796,-2.157163283212988,-0.36439002969963996,0.025064718200462625
-0.3293313758767529,1.6726896879251476,0.34899368168582257,-2.0479381272034427,-0.3294297204986203,0.021473971448352405
-0.28891961059717347,1.6414398516574888,0.27214901812846237,-1.9354525218736738,-0.2890418044830369,0.017635186925031007
-0.24265501314103605,1.6109905299455685,0.19236116336110706,-1.820681112989877,-0.24279984467344515,0.013560469001186246
-0.19110889513533916,1.5808692492854857,0.11097390418117983,-1.7045373092817713,-0.19127479353401922,0.009272940275448088
-0.13658800701380105,1.5510048359981312,0.028569060415945854,-1.5875741999135997,-0.1367733045801008,0.0048111936084395315
-0.08300503643466205,1.5217522779186763,-0.05511771385844376,-1.469922165086424,-0.08320845583333775,0.00023645060572219812
-0.03419713052271377,1.4934056292828675,-0.1402539670095051,-1.3517508700035046,-0.034418170435600796,-0.004366733441738166
0.00786292381638426,1.465673906134467,-0.22585269415339015,-1.2338092351691992,0.007624021917091751,-0.008904839740773236
0.043180631772003465,1.4377247373138353,-0.30985282544581383,-1.1173833634383887,0.0429232013338488,-0.013295064362161293
0.07275387854370984,1.4085931048977767,-0.3899615672548401,-1.003851300898982,0.07247712330280914,-0.017476546404042982
0.09774993345104822,1.3774982414428785,-0.46430451250469823,-0.8943423121269573,0.09745308862977571,-0.021411761047427452
0.11916131993508075,1.3439487395054475,-0.5316245879894923,-0.7896420480812794,0.11884371475951883,-0.02508272114680984
0.13774329900568116,1.3077201052951464,-0.5912136874496055,-0.6902411653674615,0.13740437305325126,-0.02848578169776822
0.1540490936903547,1.2687912843140645,-0.642766641079572,-0.5964214848515206,0.15368839682512336,-0.031626940383280754
0.16848150522006997,1.2272820646525222,-0.6862475032225831,-0.5083302748644118,0.16809869317350515,-0.03451822911444142
0.18133659407670263,1.1834037812256653,-0.7217921304805841,-0.4260307762871778,0.18093142339272006,-0.03717515241802811
0.19283584634136836,1.1374235802462864,-0.7496443037552685,-0.34953205696240275,0.19240816927973317,-0.03961492591136286
0.2031487691417537,1.089639224601084,-0.7701161002034944,-0.27880464555617995,0.2026985282270505,-0.04185527138061222
0.2124085206338015,1.040361413807078,-0.783563969657976,-0.21378761556340325,0.21193574246120273,-0.04391358980935302
0.22072267132098136,0.9899013869440269,-0.7903743754619239,-0.1543911326470102,0.2202274594192645,-0.045806397223379126
0.22818059179362235,0.9385623335735924,-0.7909550463286557,-0.10049701026059482,0.22766311857471672,-0.047548952896206725
0.2348585010421101,0.8866336659559867,-0.785729456920303,-0.051958751459243495,0.23431899904659756,-0.049155035970692505
0.24082289301324186,0.8343875250408683,-0.7751331725394628,-0.008601842954930307,0.24026164576485146,-0.050636840455335876
0.24613284644915698,0.7820770670835883,-0.7596113091702358,0.029775380637397174,0.2455501792602728,-0.05200496524435266
0.25084157768518067,0.7299361654418117,-0.7396167070895713,0.06340024703449897,0.25023784872614374,-0.05326847912531513
0.25499749333569977,0.6781802039643251,-0.7156085902516811,0.09252370990671213,0.254373085214775,-0.05443504291751213
0.25864492478448137,0.6270076594262036,-0.6880515494166652,0.11741789140024278,0.25800023680342205,-0.0555110729483844
0.261824670456995,0.5766021844545869,-0.6574146882261073,0.13837331823635246,0.26116011162560016,-0.05650193226202215
0.2645744297981103,0.5271349163277189,-0.6241707391122833,0.15569592164355878,0.2638904126211558,-0.057412138091847094
0.266929181309991,0.4787667547803991,-0.5887949144557996,0.16970381363380818,0.2662261163075997,-0.05824557591611928
0.26892153346367065,0.43165037671620843,-0.5517632293983116,0.1807237992492033,0.2681998243538678,-0.05900571159915462
0.27058205993768636,0.38593179123979793,-0.5135500364275875,0.18908755283876622,0.2698420993971225,-0.059695793618492095
0.2719396181558809,0.3417512886977837,-0.474624565755303,0.19512738978936395,0.2711817840791719,-0.06031903732938724
0.27302164173119275,0.2992437051309912,-0.43544637991510876,0.19917161146282314,0.27224629392729727,-0.06087878299507081
0.27385439287565266,0.25853800746821226,-0.39645982271745867,0.2015394889800952,0.273061870166275,-0.06137861945651761
0.27446316006185884,0.2197562974231816,-0.35808774948013616,0.2025360668239261,0.2736537777762207,-0.06182246639855446
0.2748723890771544,0.18301241904418403,-0.32072502565261773,0.20244708309473414,0.2740464369635012,-0.06221461057634074
0.2751057415056574,0.14841041770922242,-0.2847324218360463,0.20153438538953805,0.2742634820971213,-0.0625596950888266
0.27518608237132336,0.11604312033630088,-0.2504315678510988,0.20003223891676614,0.2743277498487545,-0.06286266531469191
0.27513540643659706,0.08599107975424378,-0.21810153517505132,0.19814486179216687,0.27426120602309345,-0.06312867954735332
0.2749747186832212,0.05832205588409871,-0.1879774110879501,0.19604539037059066,0.2740848265868157,-0.06336299565743779
0.2747238875340092,0.033091110272112464,-0.16025095842930628,0.19387630567826558,0.2738184514310992,-0.06357084652365376
0.2744014890550978,0.010341292280163478,-0.13507318711872005,0.19175118176326286,0.27348062908328974,-0.0637573163007408
0.27402465729122827,-0.009895183878402911,-0.1125584550481559,0.18975748475953433,0.2730884675010755,-0.06392722720952262
0.27360895121161505,-0.027595419708788607,-0.0927895988789279,0.18796007839349183,0.27265750141509515,-0.06408504319267368
0.2731682437680974,-0.0427441336030241,-0.07582357195511089,0.18640507911824564,0.27220158171828973,-0.06423479331020357
0.2727146342871257,-0.055331933748499,-0.06169711637798969,0.18512373885103822,0.27173278812732915,-0.06438001479950282
0.2722583823611382,-0.06535368624929268,-0.0504320884285962,0.18413609551736113,0.2712613632905455,-0.06452371364339073
0.2718078596658549,-0.07280706876727085,-0.04204016140230325,0.1834542020826901,0.27079566478055866,-0.06466833933725183
0.2713695155145037,-0.07769136894833893,-0.036526725993607095,0.18308480941870672,0.2703421307949912,-0.0648157701924054
0.2709478521553323,-0.08000656220917735,-0.03389388394359628,0.1830314295025218,0.269905255583182,-0.06496730574380133
0.2705454065177089,-0.07975268642865047,-0.034142482436195096,0.1832957408593098,0.26948757131388507,-0.0651236634329919
0.27016273607832125,-0.07692952102458317,-0.037273167122620736,0.18387831937847776,0.26908963406263287,-0.06528497754485066
0.269798407603399,-0.07153657298332647,-0.043286446300824476,0.18477868835971525,0.2687100126789652,-0.06545079927962325
0.2694489886495223,-0.06357337030985293,-0.05218176478920247,0.1859946865884006,0.26834528041719663,-0.06562009778101044
0.2691090428420333,-0.05304006155584625,-0.06395559105434821,0.18752115748697937,0.267990010347463,-0.06579126288647662
0.26877113107224343,-0.039938316009230035,-0.07859853290760686,0.1893479710887855,0.2676367766823708,-0.06596211129440548
0.2684258218101641,-0.024272510340907792,-0.09609152301561896,0.19145740867977354,0.26727616520638403,-0.0661298987122273
0.2680617146035677,-0.006051171916186877,-0.1164011620008536,0.193820971700626,0.2668967968655339,-0.06629134127731291
0.26766548132441337,0.014711374617839452,-0.13947437798454157,0.19639572448346349,0.2664853690621492,-0.06644264998828914
0.2672219295368817,0.037993241964203485,-0.16523265616033822,0.19912034401079484,0.26602671901059605,-0.06657958185037477
0.26671409115128497,0.06376321592140576,-0.19356620174390893,0.2019111234585004,0.26550391230020653,-0.06669751069398475
0.2661233369929887,0.09197914507420892,-0.22432850562382955,0.20465824755816597,0.26489835727960936,-0.06679151897233976
0.26542951395625525,0.12258665752624966,-0.2573318553275667,0.20722270801093096,0.26418994192424194,-0.06685650921577482
0.2646110963187188,0.1555183734499694,-0.29234434021443584,0.20943423411544285,0.26335718476487274,-0.06688733040244775
0.26364533736527856,0.19069374352572235,-0.3290888099652187,0.21109055863519632,0.2623773860404595,-0.06687891080803855
0.2625084029748522,0.22801956768173318,-0.3672440497796561,0.21195821549150598,0.2612267607553215,-0.0668263857220773
0.2611754666793163,0.26739114477062453,-0.4064481560545421,0.21177488809874614,0.2598805331847362,-0.06672520666303344
0.25962074697142573,0.308693892522632,-0.4463037876173724,0.21025313011980287,0.2583129736419624,-0.06657121906188564
0.2578174725060398,0.351805185406456,-0.4863847039221953,0.20708511125320928,0.25649736318031324,-0.06636069795288238
0.2557377683975227,0.39659611004669254,-0.5262428502698562,0.20194794196180438,0.2544058794480397,-0.06609033548619075
0.25335246529038186,0.4429328455102318,-0.5654152456673796,0.1945091243594856,0.25200940536920824,-0.0657571790325449
0.25063084022509047,0.49067743468822156,-0.6034300610841515,0.18443175463126807,0.24927726964983382,-0.06535852314132198
0.24754030286873738,0.5396878055710589,-0.6398114970049825,0.17137923445219688,0.24617693264149215,-0.06489176180051298
0.24404604150775314,0.5898170047551956,-0.6740833161617245,0.15501939408753587,0.24267363191437002,-0.0643542090419668
0.24011064008415972,0.64091170072741,-0.705771104788975,0.13502805240664206,0.23872999877606893,-0.0637428961977041
0.23569367062079316,0.6928100904351073,-0.7344034906292017,0.11109211740544733,0.23430565004456932,-0.06305435365253166
0.230751254661152,0.7453393973392829,-0.7595126298478396,0.08291235941446178,0.22935674867930472,-0.062284384456178093
0.22523557247737486,0.7983131867237713,-0.7806342981593571,0.0502059745718952,0.22383551202387922,-0.061427837241007165
0.21909427888284122,0.8515287512200356,-0.7973079035315732,0.012709011741678163,0.21768962652407237,-0.06047838689695098
0.21226975817023033,0.9047648426838768,-0.8090767009804654,-0.029821322265714857,0.21086150149993618,-0.05942833348217377
0.20469811633942503,0.9577800503685319,-0.8154884553638164,-0.07760452014556862,0.20328726022564836,-0.0582684327562589
0.1963077646487386,1.0103121527871464,-0.8160967861624758,-0.13083487140961242,0.19489532246595898,-0.05698777519002365
0.18701739293786057,1.062078804529812,-0.8104634617157395,-0.18967987373771344,0.1856043770448456,-0.0555737339264285
0.176733062595666,1.1127799646266812,-0.7981620191844274,-0.2542789656628388,0.17532047443178694,-0.05401200562007974
0.1653440663820399,1.1621025403945195,-0.7787833139220693,-0.3247424242541339,0.1639328866093485,-0.052286771399676676
0.15271710645517717,1.2097278295294276,-0.7519440104082916,-0.4011499672551375,0.15130828550844977,-0.050381009116054656
0.138688241833299,1.255342522899965,-0.7172996990911834,-0.4835480992679089,0.13728269096970044,-0.04827699435029563
0.12305198845847357,1.298654312233937,-0.6745653442521368,-0.571944489647633,0.12165057080076935,-0.045957039266894165
0.10554703870179175,1.3394135285652737,-0.6235471485851406,-0.666296649950911,0.1041505586561705,-0.04340453842998003
0.0858386574670475,1.3774425786445603,-0.5641913680681299,-0.7664910450215789,0.08444784494885088,-0.04060541924741077
0.06349988845473131,1.412674703293686,-0.4966559385239033,-0.8723081833772488,0.06211537101579356,-0.03755012072549415
0.03799977075423751,1.4452012352939962,-0.42140662867736045,-0.9833710771716421,0.03662202113624552,-0.03423621019333359
0.008722417301920832,1.475318723245158,-0.339323371660364,-1.0990829392447532,0.007351655634459449,-0.03067161357051782
-0.02492529226157316,1.5035489773302178,-0.2517632670412885,-1.2185814251845388,-0.026289270116969264,-0.026878085307002825
-0.06321188813076997,1.5305774092362812,-0.16046595190226484,-1.3407708212501852,-0.06456997313931731,-0.022894047988093514
-0.10550786878617752,1.5570558323657024,-0.0671809752208644,-1.464500883855743,-0.10686192892018498,-0.0187758073357219
-0.14972126859777213,1.5833487597659655,0.02684465905153806,-1.5888327010395424,-0.1510742242472246,-0.014596709572527832
-0.192630116874492,1.6095417739047557,0.12089519491992672,-1.7130803351749653,-0.19398550307777424,-0.010442996908259054
-0.23142754280595257,1.6358488190370726,0.21403079562521043,-1.8364607671573543,-0.23278870793515236,-0.00640297448820145
-0.26493559102263153,1.6629022122777308,0.30453850063524773,-1.957834624057838,-0.2663051337514616,-0.002551819547131893
-0.2933742776114567,1.691565303791132,0.3903157822183616,-2.0759098509785376,-0.29475397347843096,0.001058035756067787
-0.31754009507428255,1.7225999906665628,0.4695298328403024,-2.1895763987280117,-0.3189310794497338,0.004397340654739089
-0.3382681551878107,1.7564998479036482,0.5409262359905552,-2.2980502899556163,-0.33967112818394307,0.007455428450834478
-0.3562452563729633,1.7934842183561213,0.6038085481531095,-2.4008450851448644,-0.3576606341613574,0.010234666463397404
-0.3719910878261405,1.8335573762035662,0.6578962250270165,-2.4976853208489587,-0.37341910272998285,0.012745760262350758
-0.38588919427740576,1.8765743281680378,0.7031834417063145,-2.588427770138627,-0.3873299603730976,0.015004318364932163
-0.3982229058932034,1.922293867542239,0.7398356000800851,-2.673008427869004,-0.39967646303771964,0.01702850586794104
-0.4092044996788498,1.9704170687378944,0.7681227424890237,-2.7514125712102837,-0.410670843774703,0.018837478037664956
-0.41899655834243343,2.0206143442192963,0.7883795282468731,-2.823660486468595,-0.4204756623241797,0.02045032919132932
-0.4277270358617218,2.0725444190238536,0.800982024131636,-2.889802304601633,-0.4292188640513383,0.021885378150994176
-0.4354997037003143,2.1258676679583837,0.8063344079983549,-2.949917379395598,-0.43700422122420446,0.023159683571485623
-0.44240130386980026,2.1802553796080266,0.8048612628177161,-3.0041153826381617,-0.4439184823391562,0.024288728773357828
-0.44850637882127087,2.235395912406422,0.7970029542343008,-3.052537533813399,-0.4500361992107237,0.02528624075890587
-0.4538804784284912,2.2909983632876885,0.7832127340205778,-3.0953571997458487,-0.45542293191922245,0.026164119569907104
-0.45858225268848835,2.3467941956616767,0.7639548882394731,-3.132779608079335,-0.4601373401108096,0.026932458578591906
-0.46266480134599863,2.402537198160361,0.7397036134009145,-3.1650407100831615,-0.46423253173879697,0.02759963800958369
-0.4661765499222149,2.458002119816315,0.7109424673171307,-3.1924053674677437,-0.4677569386169977,0.028172475306103548
-0.4691618442733981,2.5129823227381,0.6781642755076659,-3.215165069228551,-0.47075491081086795,0.02865641776751809
-0.47166139633255044,2.567286795975336,0.6418713254582747,-3.2336353407771155,-0.47326716243311007,0.02905576518512121
-0.47371266806396223,2.620736878159931,0.6025755829271794,-3.248152915533335,-0.4753311558023844,0.0293739125186625
-0.4753502458527661,2.6731630382333345,0.5607985459701372,-3.259072623856435,-0.4769814761314568,0.02961360437922173
-0.47660623094078824,2.7244020579148955,0.517070246022887,-3.2667638425236767,-0.4782502223137655,0.029777193692315265
-0.47751065089878664,2.7742949370039964,0.4719268515166826,-3.2716062703958078,-0.47916741876671065,0.029866896146803507
-0.4780918809916026,2.8226857894823274,0.42590637428245715,-3.273984785137894,-0.4797614371636224,0.02988503004385663
-0.47837705217563076,2.8694219009678026,0.37954216333348584,-3.274283219878557,-0.48005940477361053,0.02983422863051156
-0.4783924150134457,2.914354970622815,0.33335420901743806,-3.272877087654621,-0.48008756867655783,0.02971761013854351
-0.4781636273607436,2.9573433749210567,0.28783873656227404,-3.270125552439748,-0.47987158369321126,0.0295388910165525
-0.4777159393938964,2.9982551012943723,0.24345704199967202,-3.2663632346735882,-0.47943669758702157,0.029302431412522485
-0.4770742620641272,3.0369708581097714,0.20062487045487554,-3.261892653253336,-0.4788078196176543,0.029013209022691867
-0.4762631218297472,3.073386823039975,0.15970372045013603,-3.2569781563808426,-0.4780094752988507,0.02867672673934177
-0.4753065211406873,3.10741656732667,0.12099521797284882,-3.2518420400153385,-0.4770656668438496,0.028298868686134633
-0.47422773600059015,3.138991869540585,0.08473919675317902,-3.2466632288302857,-0.4759996706388974,0.02788572556574218
-0.4730490861055356,3.1680623544152144,0.05111550021502604,-3.241578497484156,-0.47483380726244495,0.02744341204866721
-0.4717917094908211,3.1945940945784885,0.02024896732633857,-3.236685855523757,-0.47358921599972653,0.026977896149081956
-0.4704753647263154,3.218567447125176,-0.0077832893185755085,-3.232049492297295,-0.47228565690835805,0.02649485459754682
-0.46911827295268665,3.239974446748069,-0.03294331833611064,-3.227705606210813,-0.4709413527376865,0.025999561222932146
-0.46773700243587596,3.2588160556303953,-0.055223395812175925,-3.2236685004485843,-0.46957287338486886,0.025496809127296714
-0.466346391506908,3.2750995057813683,-0.07463743656312521,-3.2199364625257503,-0.46819505875641093,0.02499086301859615
-0.46495950207421377,3.28883589082013,-0.09121322312558935,-3.2164971044810895,-0.4668209722212795,0.02448543567113687
-0.46358759478997796,3.3000380920360763,-0.10498570692064797,-3.213331985875157,-0.46546187573456344,0.023983681771903725
-0.4622401175293227,3.3087190682953844,-0.11599146953073586,-3.2104204535746086,-0.4641272182874181,0.023488202820629835
-0.46092470026205956,3.3148905033462652,-0.12426432341555096,-3.2077427061368398,-0.46282463075999697,0.02300105774401047
-0.45964715105128673,3.31856178493605,-0.1298319734610712,-3.205282130840626,-0.4615599219089734,0.022523775060564688
-0.4584114494449691,3.3197392837421877,-0.1327136412075221,-3.2030269759051233,-0.46033707175357436,0.022057363553038306
-0.45721973478271005,3.3184259022937623,-0.13291856017084322,-3.2009714172012704,-0.45915821988058264,0.02160231936197065
-0.4560722879021749,3.314620871483882,-0.13044527340783083,-3.1991160643811347,-0.4580236471514407,0.0211586281886245
-0.45496750545775194,3.3083197825655883,-0.12528169617511614,-3.1974679306964466,-0.456931750023115,0.020725761922358556
-0.4539018666569486,3.299514854067785,-0.11740594219360616,-3.196039867307264,-0.455879007287689,0.020302669548744674
-0.45286989279342654,3.288195444675526,-0.1067879478880928,-3.1948494392599054,-0.45485993960950705,0.01988776272454789
-0.45186410062897525,3.274348833653816,-0.09339196140629655,-3.1939171991126036,-0.45386706291262024,0.019478897001182632
-0.4508749515619232,3.2579612983874635,-0.07717998765399285,-3.1932642986004733,-0.4528908375571617,0.019073350411165722
-0.4498907997027273,3.239019521908566,-0.058116290458890676,-3.1929093732212226,-0.45191961642736045,0.018667802056773788
-0.44889784348731004,3.2175123587983117,-0.036173039042057153,-3.1928646453708827,-0.450939596564751,0.01825831447294182
-0.44788008721397704,3.193432971560415,-0.011337136297065106,-3.19313122651487,-0.44993478073654786,0.01784032482298479
-0.4468193206287354,3.166781317056554,0.01638183212634671,-3.193693666315388,-0.44888695706930776,0.017408651256549078
-0.44569512589145294,3.1375669104942236,0.0469427464177488,-3.1945139030508143,-0.44777570608657286,0.016957521684523313
-0.4444849211319137,3.105811723022187,0.08026363365917542,-3.195524914570909,-0.4465784443662075,0.016480632295575254
-0.4431640473520397,3.071552985657933,0.11621257061961594,-3.196624538546142,-0.4452705115798064,0.015971241715307425
-0.4417058997397684,3.0348455949009883,0.1545997399071601,-3.197670091701061,-0.4438253019839295,0.015422303201440448
-0.4400820952340281,2.995763772497875,0.19517172001728042,-3.1984745171180644,-0.44221443220369727,0.014826631455535375
-0.43826265635529515,2.9544016565280735,0.23760904984678025,-3.1988047648167726,-0.440407925320343,0.01417709304990677
-0.43621617942264457,2.9108726170871417,0.28152780830088076,-3.198382918144964,-0.438374379377227,0.013466801651118193
-0.43390994705789165,2.8653072941477955,0.3264853929450395,-3.1968902197435827,-0.4360810801972886,0.012689293495615685
-0.4313099439329237,2.8178506064629447,0.3719899777999849,-3.193973696935169,-0.43349401746332517,0.01183865726170753
-0.42838074264196335,2.768658206870653,0.4175124763244996,-3.1892546638568935,-0.43057777094619554,0.010909596768347773
-0.42508524168076117,2.7178929868570663,0.46249943903188173,-3.1823381190463143,-0.42729524887910686,0.009897414043895561
-0.42138425512865596,2.6657222199437713,0.5063852972313404,-3.1728220389327437,-0.4236072781059288,0.008797911667618234
-0.41723596805073665,2.612315789494522,0.5486027035490251,-3.1603057746722953,-0.4194720600694977,0.007607223650116355
-0.4125952784369269,2.557845725261877,0.5885902727417915,-3.144397099169889,-0.4148445135215894,0.006321591036562855
-0.40741304380733,2.5024870418716163,0.6257976063788269,-3.1247178030616127,-0.4096755221642913,0.004937101121343542
-0.4016352388231979,2.4464196833313587,0.6596879449272416,-3.1009080084066882,-0.40391109365908934,0.003449408498690504
-0.3952020106197059,2.3898312524884604,0.6897390642338802,-3.0726295143256652,-0.39749141683733785,0.0018534538486583456
-0.3880465918466532,2.3329201382387263,0.7154431292378369,-3.0395685157264634,-0.390349777244293,0.00014319409310229207
-0.38009399692679763,2.2758986267578982,0.7363061886302414,-3.0014379791054977,-0.38241125671452114,-0.0016886434475314458
-0.37125938270302866,2.2189955743241545,0.751847904352499,-2.957979861217724,-0.373591098401249,-0.0036507694680842735
-0.3614458972278747,2.1624582114336914,0.7616020160543027,-2.9089672568459686,-0.3637925613608484,-0.005753487617965038
-0.35054176626231126,2.1065526302428665,0.7651179874430265,-2.854206494361218,-0.3529040147552184,-0.008008775725358156
-0.33841627283383463,2.0515624734170688,0.761964305805559,-2.7935391921362718,-0.34079492774704234,-0.010430267461141065
-0.324914169871095,1.9977852860017677,0.7517340456766458,-2.7268443763292556,-0.3273102961854363,-0.013033101260555941
-0.30984793509244696,1.9455259032954673,0.7340536085687133,-2.6540409774213845,-0.312262916885735,-0.01583359285315052
-0.29298715596333985,1.8950861133484724,0.7085960665250589,-2.575091410101257,-0.2954227997657557,-0.018848670855260385
-0.27404430019154724,1.8467496452966805,0.675101306630919,-2.4900075313847307,-0.2765029769272701,-0.02209498530329162
-0.2526564123197346,1.8007613324808838,0.633406136294696,-2.398861044278435,-0.2551412543411343,-0.025587546546564453
-0.22836349987825458,1.7572992794259914,0.5834882667291117,-2.3018011647288934,-0.23087867593138883,-0.02933766273801148
-0.20058813614395302,1.7164396641696833,0.525527309164421,-2.199082386451762,-0.20313923217041502,-0.03334980714446788
-0.1686309599549985,1.6781171210006525,0.45998003950447114,-2.091102546627836,-0.17122548764400058,-0.03761688212006761
-0.13172119845211644,1.6420931063674682,0.38764852229746716,-1.9784419476413064,-0.13436920644172687,-0.04211331058813728
-0.0892098004614705,1.6079652603281502,0.3096773538313052,-1.8618719772227694,-0.09192440147614521,-0.04678607601453536
-0.04104651090693662,1.5752779325981325,0.2273577264504849,-1.742269307075048,-0.04384374922588206,-0.051546852074552584
0.011417072200571428,1.5437724654726397,0.14164839319208566,-1.6203823187447877,0.008520111014430003,-0.056275546906162786
0.0648556920554618,1.5136157288156986,0.05270880838853774,-1.4965853428997016,0.061845231552368735,-0.06085007081012587
0.11488490452145611,1.4851802926898523,-0.03971048871175635,-1.3710484810330565,0.11175517182754394,-0.06519250382903503
0.15835417446087188,1.4583657097928928,-0.1349369073265534,-1.244399447402406,0.15510814206572077,-0.06928013659819761
0.19454503927458358,1.4322774156006586,-0.23071822425080718,-1.118063309383275,0.1911908543435604,-0.07310908557307054
0.22437873002966605,1.4056052069368627,-0.3239982723799275,-0.9938525678943675,0.22092573405475824,-0.07666733788981857
0.24921892227498668,1.3771458309712195,-0.4120026195115345,-0.8733891435404686,0.24567557027244552,-0.07993850853224113
0.2702609290574682,1.346062646431847,-0.4927621223037198,-0.7578348355519439,0.26663427732934003,-0.08291285231730977
0.28839529401544156,1.3119055969062794,-0.5651219176596695,-0.6479047037532435,0.28469116543212347,-0.085591545216704
0.3042501330000744,1.2745305026024967,-0.6285435214742089,-0.5439895708069472,0.30047344200575377,-0.08798538794729527
0.3182641480146882,1.2340053867578002,-0.6828940172657698,-0.446278166580432,0.31441919635980353,-0.09011176099809752
0.33074690988137156,1.1905349937008634,-0.7282879033973345,-0.3548435176790754,0.3268376102963144,-0.09199180713886992
0.34192126614878765,1.1444071419243027,-0.7649849321784687,-0.26969396981074834,0.3379512978360401,-0.09364833505808938
0.3519518299017337,1.0959561719525603,-0.7933292378169139,-0.19079914992619246,0.34792473965584336,-0.09510436937093242
0.36096396714368467,1.0455381122586602,-0.8137147469961085,-0.11810080056348927,0.35688322944835793,-0.09638216670722471
0.3690564934227564,0.9935136013872866,-0.8265660165696789,-0.051515580508017675,0.3649255405222861,-0.09750255476843761
0.37631018310755493,0.9402360548220687,-0.8323276425863055,0.00906570653214718,0.37213241389995055,-0.0984845043761008
0.3827934474898368,0.8860435801491876,-0.8314582332756707,0.0637798781430742,0.3785722223666368,-0.09934488076868742
0.388566075286191,0.8312537473928132,-0.824426743159973,0.11279278518658534,0.3843047025954533,-0.10009833900007177
0.3936816458037668,0.7761606405681003,-0.8117100359140526,0.1562997837979627,0.3893833643109603,-0.10075733584008842
0.3981890454997109,0.7210337667981157,-0.7937911424362395,0.19452513505784763,0.39385700602683904,-0.10133223315159075
0.402133397653494,0.6661184610938629,-0.7711579872961491,0.2277204471707195,0.3977706460081332,-0.10183146915060051
0.40555662780130364,0.6116374471094971,-0.7443024853264758,0.2561623832545041,0.40116609020015903,-0.1022617760203288
0.40849782195170187,0.5577932233507232,-0.7137199317336634,0.2801498726277186,0.4040822934244149,-0.10262842541808766
0.4109934841614734,0.5047709526654829,-0.6799085690169053,0.3000010177738153,0.4065556198967883,-0.10293548710473398
0.41307776135699886,0.45274154492808927,-0.6433691433191521,0.3160498090897166,0.4086200706134543,-0.10318608959118539
0.41478267396310203,0.40186464036507064,-0.6046041863137936,0.3286426675832636,0.4103075159865094,-0.10338267472652612
0.4161383689658148,0.3522912261149833,-0.5641166997113923,0.3381347527006371,0.4116479503071901,-0.10352724013805698
0.4171733958075986,0.30416565552691505,-0.5224079021407015,0.344885918335054,0.4126697684889764,-0.10362156423843281
0.41791499376282815,0.25762689426267593,-0.4799737460982407,0.3492561926717171,0.41340005386701345,-0.10366740830139531
0.4183893715435025,0.21280889476258827,-0.4373000429524784,0.35160070916427155,0.41386485798044037,-0.10366668933246821
0.4186219558250515,0.1698401018110848,-0.3948562475201674,0.35226412753956854,0.4140894492239678,-0.10362161681660143
0.41863758550536895,0.12884220884345676,-0.35308822528563655,0.35157473890723684,0.41409850736791265,-0.10353478668972577
0.418460633032181,0.08992839876515556,-0.312410600082926,0.3498386121640128,0.41391624542713695,-0.1034092276714676
0.41811504257277987,0.05320138839427566,-0.2731994832829462,0.34733426134753054,0.41356644873235376,-0.10324839857772933
0.41762428563682763,0.018751627198934653,-0.23578644690533027,0.3443083494321411,0.4130724318149832,-0.10305613993358508
0.4170112456077883,-0.013344034164335168,-0.20045448705410254,0.3409728693386568,0.41245692448676613,-0.10283658808458099
0.41629805093702343,-0.0430229852359596,-0.1674364500772084,0.3375040688465749,0.41174190674023003,-0.1025940637929348
0.4155058807091847,-0.07023671677352004,-0.13691603262915022,0.3340431569136204,0.4109484160291929,-0.1023329490180748
0.4146547654909363,-0.09494994161995138,-0.10903111283793124,0.3306986045014847,0.41009634970332737,-0.10205756489738309
0.41376340181358556,-0.11713911668376684,-0.08387890447398808,0.3275496853997104,0.4092042808453092,-0.1017720612773032
0.4128489921231818,-0.1367905628427767,-0.06152229141344401,0.32465081883824165,0.408289299289194,-0.10148032439598521
0.4119271154176217,-0.15389838958674382,-0.041996693175030936,0.32203627445777877,0.407366883030129,-0.10118590547314225
0.41101162840603084,-0.16846240714089805,-0.025316899694043105,0.3197248596441915,0.4064507998864434,-0.10089196976775257
0.4101145934614441,-0.18048616649880417,-0.011483449107815721,0.3177242999287758,0.4055530357325189,-0.10060126348626294
0.40924622786264314,-0.18997522148992266,-0.00048826563863584374,0.3160351188432736,0.4046837438545483,-0.1003160947855166
0.4084148684446382,-0.19693566634145948,0.007680601376582712,0.314653906627342,0.403851209604206,-0.10003832482335209
0.40762694630262464,-0.20137297181813452,0.013035204409039384,0.31357592906678133,0.403061825043961,-0.09976936509542107
0.4068869671831746,-0.2032911237824132,0.015584899873778615,0.3127970671274622,0.40232006925722447,-0.09951017790785502
0.40619749434174873,-0.20269205850888122,0.015334506429480931,0.31231509779751554,0.40162849113164495,-0.09926127758644034
0.4055591317772887,-0.1995753869418472,0.012283394406736932,0.3121303313643532,0.40098769254569905,-0.09902273080339853
0.4049705068130292,-0.1939384027543934,0.006425489965600499,0.3122456153276204,0.4003963109379777,-0.09879415516544672
0.40442825199199456,-0.18577637414341613,-0.0022498064254161043,0.31266570514387093,0.3998510012293068,-0.09857471594806609
0.4039269872486986,-0.17508312453073033,-0.013755771052767176,0.31339599159447495,0.3993464180524398,-0.09836312160082858
0.40345930436453437,-0.16185191050218856,-0.02810555108667113,0.3144405683192482,0.3988752002812348,-0.0981576194114218
0.40301575684702146,-0.14607660402536946,-0.04530837834296977,0.31579962578092424,0.3984279609744823,-0.0979559935110055
0.402584859565836,-0.1277531776721599,-0.06536480342316496,0.31746617476846045,0.39799328703233733,-0.09775556820493472
0.40215310360533696,-0.10688147370329168,-0.08826100396859027,0.3194221385619097,0.3975577539803095,-0.09755322033852525
0.4017049925924108,-0.08346720860924364,-0.11396230833100299,0.32163391180509915,0.39710596208690807,-0.09734540490086835
0.40122310681736134,-0.05752412408754655,-0.1424061985802173,0.32404756620013336,0.3966206000764456,-0.09712819809532848
0.40068820025819146,-0.029076147003961952,-0.17349520502476729,0.3265839821198108,0.3960825414955921,-0.09689736137461638
0.4000793326316142,0.0018406268141676514,-0.20709025457696764,0.3291342856183552,0.3954709758212522,-0.09664842818268264
0.39937403355989703,0.03517634310457221,-0.24300514795167463,0.33155604652361215,0.39476357139279483,-0.09637681224377966
0.3985484891391904,0.07086641318787165,-0.2810028663805997,0.3336707133411613,0.39393666049038034,-0.09607793237162686
0.39757773368266874,0.10883132453623953,-0.3207943027388378,0.33526269594050107,0.3929654294172055,-0.09574734453269182
0.39643582300804625,0.1489773125983165,-0.36203975726641546,0.33608034626080613,0.391824090082922,-0.09538086826005235
0.3950959624738347,0.19119782980428182,-0.40435316372475166,0.3358388493891819,0.3904860064443033,-0.09497469257844375
0.3935305646736162,0.23537559814145148,-0.44730859739561035,0.3342247731776503,0.3889237508574933,-0.09452544716903076
0.39171121857481117,0.2813849108123477,-0.49044826996035307,0.3309018029565376,0.38710907223262997,-0.09403022766904334
0.38960856255342613,0.32909379045679144,-0.5332910337184251,0.3255170695129686,0.3850127684791785,-0.09348656901311721
0.3871920655655416,0.37836563104789206,-0.5753404423516085,0.31770749043845187,0.38260446744155463,-0.09289236623659106
0.38442973066064173,0.42906003805663717,-0.6160916230397226,0.30710567084353313,0.379852330419219,-0.0922457467883455
0.38128774096354323,0.4810327087916745,-0.6550365288431195,0.29334509986166135,0.37672269824055976,-0.09154490124602017
0.3777300691430543,0.5341343291031516,-0.6916674688070639,0.27606457486998887,0.37317970073523754,-0.0907878802433212
0.3737180673051375,0.5882085786854718,-0.7254790829942204,0.25491193849366645,0.3691848463839068,-0.08997236492161238
0.3692100456757246,0.6430894234511901,-0.7559691038642419,0.22954730004020996,0.36469660039308,-0.08909541717347484
0.3641608356029455,0.6985979308646519,-0.7826383224447616,0.19964593140568462,0.3596699466719815,-0.08815321524487418
0.35852131485948185,0.7545388811485408,-0.8049901785646066,0.16490099103299338,0.3540559117247037,-0.08714078059175026
0.3522378497225035,0.8106974742179951,-0.8225303487805736,0.12502615802731118,0.34780100507416994,-0.08605170362805932
0.3452515769631666,0.8668364574599964,-0.8347666426842375,0.07975817287130071,0.3408464996158849,-0.08487787921336779
0.3374974074154393,0.9226940281560848,-0.841209463415994,0.0288592014031529,0.3331274339807642,-0.08360926715763164
0.3289025787823888,0.9779828989105231,-0.8413730649232867,-0.027881114602158807,0.3245711651238269,-0.08223369814247004
0.31938451620987995,1.0323909570792251,-0.8347778737020418,-0.09064405957051955,0.3150952303614608,-0.08073675055354836
0.30884767186124895,1.0855840056528272,-0.8209542746843455,-0.15958075823600978,0.3046041908716125,-0.07910172806716627
0.2971789050030123,1.1372111579896846,-0.7994485491690577,-0.2348114531189109,0.2929850189492603,-0.0773097710677042
0.2842408261139941,1.1869136020960849,-0.7698321896089033,-0.3164245974645448,0.280100453176931,-0.07534013759207529
0.2698623576770503,1.2343377016445176,-0.7317167350943554,-0.4044745385066494,0.2657795744742758,-0.0731706933942051
0.2538255723838365,1.2791538251040417,-0.6847777349104432,-0.4989755080624895,0.2498046633692187,-0.07077865920684208
0.23584773804855383,1.3210829308777488,-0.6287935611786565,-0.5998881274057526,0.23189326599163027,-0.0681416793730447
0.2155577444794212,1.359933663186703,-0.5637072996099691,-0.707092803584793,0.21167463914956283,-0.06523929623228664
0.19246774083799628,1.3956528663584136,-0.4897213701793463,-0.8203430787859781,0.18866139086504133,-0.06205491294343309
0.16594688248188916,1.4283899083006042,-0.40743014474696115,-0.9391938937570282,0.16222318599648988,-0.05857822479845071
0.13522232604112758,1.4585649487726604,-0.31797424989680295,-1.0629113487510196,0.1315875882329214,-0.05480774234881334
0.09947815612033636,1.486904749309443,-0.22314256460109844,-1.1904025736381962,0.0959385867178569,-0.05075234093695566
0.058201905062218895,1.5143651670524063,-0.12525058901769898,-1.3202587736412317,0.05476228828270961,-0.046430539196284225
0.011932356418196705,1.54184958921831,-0.026596250859103415,-1.4510230076523583,0.008593555231050626,-0.041869430517866776
-0.036908707667855346,1.5698223243302791,0.07132842197018774,-1.5816023113763658,-0.04015257822119908,-0.037112924437576446
-0.08437325364665146,1.598293148898537,0.16792679746407024,-1.7113475003613097,-0.08753518999063106,-0.032242645888042445
-0.12705259331037,1.6273836913080375,0.2624307858097435,-1.8395487012068032,-0.13014904771761857,-0.027380406354707315
-0.16362374873865684,1.6577118985149204,0.35315597200530063,-1.9650745906632903,-0.16667008187778493,-0.02265146882614444
-0.19443692382176656,1.6901411715222907,0.43800227264020475,-2.086631725092739,-0.19744524920480092,-0.018148489122516313
-0.22045989849999947,1.725395372215441,0.5152080061675933,-2.203142021307678,-0.22343907189991055,-0.013924336344386244
-0.2426597539416452,1.7638987938751454,0.5836361006920501,-2.3138701656789484,-0.2456161053761798,-0.010001302220148365
-0.26181355695826586,1.805791643622647,0.6427088680133116,-2.4183706300509322,-0.2647516192801411,-0.00638200213887943
-0.2785021867256004,1.8510023458099547,0.692244045804291,-2.5163918261378964,-0.2814252386689393,-0.0030573719711482683
-0.29315182373330606,1.8993182630221388,0.7323110726377495,-2.6077995366180993,-0.2960622628135586,-1.1801210041335105e-05
-0.3060767809243699,1.9504397960057043,0.7631329589200564,-2.6925302344144972,-0.3089763757540459,0.002773674271124742
-0.31751298790906923,2.004018745773117,0.7850262714075796,-2.770567531092766,-0.32040305084563253,0.005319357947506627
-0.3276420163205259,2.059685069712759,0.7983664161798606,-2.841932855243002,-0.3305235240149145,0.00764557838646736
-0.3366077441049194,2.117065563984242,0.8035680499484845,-2.906683562872522,-0.3394814234804205,0.009771806166633482
-0.344527707284488,2.175796813664369,0.8010740318804818,-2.9649141344749324,-0.34739409799560644,0.011716059297168829
-0.351500718405538,2.235533837954411,0.791349073074409,-3.0167579848258765,-0.3543602188415078,0.013494521723286102
-0.35761190049716535,2.295955310458243,0.7748760231759143,-3.062388667764462,-0.3604648019715222,0.015121331483318037
-0.36293596384123267,2.3567659554862943,0.752153792053758,-3.1020200466280703,-0.36578247612383563,0.016608508504454188
-0.3675393211677698,2.4176966019758623,0.7236964771526314,-3.1359054577968486,-0.3703795915859336,0.01796599729924993
-0.3714814678129658,2.478502340135028,0.6900335220269118,-3.164336115286628,-0.3743155955470596,0.01920180267140045
-0.374815927654428,2.5389592285214366,0.6517107737633223,-3.187639051755224,-0.3776439744485047,0.020322199471277357
-0.37759097138592096,2.598860021268178,0.6092921998243334,-3.206174809506305,-0.38041296960957816,0.02133200094573558
-0.37985024307295695,2.658009420210997,0.563361810556065,-3.220334919177416,-0.38266620186239925,0.02223487362850783
-0.3816333777442977,2.7162194008942926,0.5145250538260056,-3.2305389701984777,-0.3844432877915974,0.023033688797929608
-0.3829766514994083,2.7733052031217156,0.46340866473346765,-3.23723083443195,-0.3857804889316011,0.02373090000291871
-0.38391367160496376,2.8290825882374877,0.4106577649008306,-3.240873422930673,-0.3867114012862657,0.024328932173792884
-0.3844760845366849,2.8833669019179884,0.3569290489677087,-3.241941327417559,-0.38726766302879995,0.024830560595060572
-0.3846942551860312,2.9359742933936843,0.3028793100392729,-3.240910914954336,-0.3874796335083243,0.025239249424203438
-0.38459785432664617,2.986725105025699,0.24914940341999703,-3.2382479482718516,-0.38737698057032166,0.02555941329630214
-0.38421628986528567,3.0354489980051107,0.19634491385132244,-3.2343935234584844,-0.38698911163992167,0.025796566639993523
-0.3835789346509035,3.081990939849193,0.1450159369226617,-3.229749835327365,-0.3863454012880199,0.025957337064433324
-0.3827151377104105,3.1262169150564696,0.09563904331942612,-3.2246676985798803,-0.38547520212659225,0.026049340806277424
-0.38165404670266867,3.1680182621142556,0.048604308937281376,-3.219437637309067,-0.3844076668368512,0.026080943721401198
-0.38042430269975847,3.20731389358457,0.004209258721286552,-3.214285696139139,-0.3831714424784407,0.026060951671597176
-0.37905368275333806,3.2440501852826134,-0.037339927157455245,-3.209374165018157,-0.38179431258877666,0.025998282213409656
-0.377568758707552,3.2781988239193898,-0.0759209967921057,-3.2048065058198816,-0.3803028555810262,0.025901663742120835
-0.3759946189916159,3.3097532231854,-0.11148392143904406,-3.2006352027144294,-0.37872216620521904,0.025779392965383164
-0.37435467415338897,3.3387242084773034,-0.14403703730863066,-3.196871114832147,-0.37707566084591243,0.02563916363202545
-0.3726705452923617,3.365135579910767,-0.17363287356071838,-3.1934930988664942,-0.37538496581064895,0.025487964515157283
-0.3709620212564745,3.389019982723193,-0.2003549592930197,-3.1904570250868263,-0.3736698744592336,0.025332035399306983
-0.36924706524217094,3.4104153239819124,-0.22430633378038947,-3.187703684576556,-0.3719483537947532,0.02517686612831698
-0.36754185188260236,3.429361821333561,-0.24560002612365237,-3.185165390812468,-0.37023658158308764,0.02502722404077875
-0.3658608193068813,3.445899667997719,-0.26435146427934314,-3.182771286063642,-0.36854899846834716,0.02488719750798943
-0.3642167249358385,3.460067243250675,-0.280672604514476,-3.1804514805086224,-0.3668983638377191,0.02476024636415132
-0.3626206977431353,3.4718997764802566,-0.2946675038597222,-3.1781402025244088,-0.3652958081559339,0.0246492529247288
-0.3610822828424222,3.4814283725108144,-0.30642905246416424,-3.1757781465189012,-0.36375087762413055,0.024556569644822203
-0.3596094764732876,3.488679316239961,-0.316036610518841,-3.173314189178824,-0.3622715692320003,0.02448406119186848
-0.3582087508668975,3.4936735891162574,-0.3235543361598814,-3.170706619039417,-0.3608643556816723,0.024433139862191276
-0.35688506925784963,3.496426544894281,-0.32903003524462593,-3.167923995499239,-0.3595342004483839,0.024404793978112484
-0.3556418916479984,3.4969477056687426,-0.3324944055954143,-3.1649457256972693,-0.3582845635828244,0.024399609282616686
-0.3544811719644254,3.4952406508499045,-0.3339605852523094,-3.161762422564316,-0.35711739889684735,0.0244177835038045
-0.3534033470939713,3.4913029815976304,-0.3334239464953741,-3.1583760850149396,-0.35603314301473626,0.02445913426953095
-0.35240731799628494,3.4851263517108437,-0.330862105948117,-3.1548001210939427,-0.35503069649191243,0.024523100470674044
-0.351490422749568,3.4766965636515326,-0.3262351474978385,-3.151059216016371,-0.3541073968553196,0.024608737041196906
-0.3506484010089834,3.465993735905562,-0.31948608080505897,-3.1471890283770647,-0.3532589830456203,0.02471470297759533
-0.3498753489947847,3.452992555902278,-0.31054158561202067,-3.1432356782557678,-0.3524795503785502,0.024839242290221168
-0.34916366381967906,3.4376626418754936,-0.29931312262392873,-3.1392549694647207,-0.3517614948353994,0.024980157499329917
-0.34850397577341463,3.4199690479313016,-0.2856985269083353,-3.1353112639269285,-0.3510954453013147,0.025134775305585465
-0.3478850671956311,3.3998729595990134,-0.269584240424648,-3.1314758987238616,-0.3504701823835666,0.025299904242586366
-0.3472937769137441,3.3773326422851344,-0.250848386074976,-3.1278250061955375,-0.34987254278828306,0.025471784547607214
-0.3467148900772957,3.352304721526398,-0.22936493373154235,-3.1244365667710214,-0.349287309089809,0.025646031286129
-0.34613101480593267,3.324745889489901,-0.20500925190488198,-3.12138649799508,-0.3486970863140734,0.025817573083021197
-0.34552244962406925,3.2946151421571286,-0.1776653629991839,-3.118743571094684,-0.34808216931541497,0.025980590802357144
-0.34486704935641604,3.2618766479513006,-0.1472352014365785,-3.1165629644264667,-0.3474204086303887,0.026128463285225008
-0.3441401019492351,3.226503318889644,-0.11365007628309977,-3.1148783349075915,-0.3466870872864691,0.026253730750307947
-0.34331423399915467,3.188481083738465,-0.07688431729732785,-3.1136924437857507,-0.3458548263646356,0.026348090298772203
-0.3423593671848034,3.1478137335469687,-0.036970690789853086,-3.1129666399943288,-0.344893541531858,0.02640244118713301
-0.341242748729113,3.104528017596502,0.0059834071147843795,-3.1126098917141833,-0.3437704736935694,0.026406998428721067
-0.33992907291403235,3.0586784319042177,0.05178068119459667,-3.1124685256565314,-0.3424503108072544,0.02635148948835077
-0.3383806941272303,3.0103509246566107,0.10012195657835149,-3.1123182674304792,-0.34089540134677226,0.02622543804138001
-0.3365579041055937,2.9596646500601933,0.1506001646697161,-3.111860376402912,-0.33906603207590397,0.026018520283259926
-0.3344192115934012,2.906771054840989,0.2027025882256868,-3.110723410904096,-0.3369207083222118,0.025720955952277514
-0.3319215327889961,2.8518500422134063,0.25582238777548544,-3.108471327223274,-0.33441634508099105,0.02532387534528212
-0.32902019005778627,2.7951036490184884,0.3092784784189809,-3.1046173442519738,-0.33150826637892283,0.02481959483798333
-0.32566863370853016,2.7367483588073136,0.3623408360428382,-3.0986417139790565,-0.3281499276625826,0.02420174365512002
-0.32181784349307924,2.677007566899619,0.41425709959406953,-3.090010749399447,-0.32429231787705803,0.0234652126803966
-0.3174154159411151,2.6161056386937265,0.46427640623703953,-3.078194495709781,-0.3198830473999436,0.022605931974066063
-0.31240437941760524,2.554264510790112,0.5116676313674005,-3.0626812069297564,-0.3148651638202169,0.02162051406883896
-0.3067217868045907,2.4917031062967827,0.5557309800137675,-3.0429879034762,-0.3091757456044997,0.02050581602068072
-0.3002971140864096,2.428639227011157,0.5958034771785067,-3.0186672788988003,-0.30274430210106174,0.01925847378659108
-0.29305044846522577,2.3652931956453855,0.6312599015572813,-2.989311821039291,-0.2954909637094034,0.017874453411415976
-0.2848903895149248,2.3018923638348476,0.6615110461709446,-2.9545561815244326,-0.28732438596597454,0.016348652145623636
